order_id,order_date,customer_id,channel,status,discount
30001,2026-01-01,C0233,сайт,завершен,0.07
30002,2026-01-01,C0309,менеджер,в работе,0.07
30003,2026-01-01,C0223,маркетплейс,завершен,0.03
30004,2026-01-01,C0084,маркетплейс,завершен,0.05
30005,2026-01-01,C0282,менеджер,отменен,0.05
30006,2026-01-01,C0102,маркетплейс,в работе,0.05
30007,2026-01-01,C0153,менеджер,завершен,0.03
30008,2026-01-01,C0080,сайт,завершен,0.05
30009,2026-01-01,C0257,менеджер,завершен,0.03
30010,2026-01-02,C0217,сайт,в работе,0.03
30011,2026-01-02,C0261,сайт,завершен,0.0
30012,2026-01-02,C0062,менеджер,завершен,0.03
30013,2026-01-02,C0131,менеджер,завершен,0.0
30014,2026-01-02,C0013,менеджер,в работе,0.0
30015,2026-01-02,C0316,сайт,завершен,0.0
30016,2026-01-02,C0050,маркетплейс,завершен,0.05
30017,2026-01-02,C0252,сайт,завершен,0.03
30018,2026-01-02,C0171,сайт,завершен,0.03
30019,2026-01-02,C0266,менеджер,завершен,0.0
30020,2026-01-02,C0131,сайт,завершен,0.05
30021,2026-01-02,C0134,сайт,завершен,0.03
30022,2026-01-05,C0100,менеджер,завершен,0.0
30023,2026-01-05,C0301,повторный заказ,завершен,0.03
30024,2026-01-05,C0046,маркетплейс,завершен,0.05
30025,2026-01-05,C0285,маркетплейс,отменен,0.03
30026,2026-01-05,C0201,повторный заказ,завершен,0.0
30027,2026-01-05,C0008,маркетплейс,завершен,0.0
30028,2026-01-05,C0198,менеджер,в работе,0.1
30029,2026-01-05,C0077,сайт,завершен,0.0
30030,2026-01-05,C0218,повторный заказ,завершен,0.03
30031,2026-01-05,C0230,повторный заказ,завершен,0.0
30032,2026-01-05,C0339,сайт,завершен,0.03
30033,2026-01-05,C0143,маркетплейс,в работе,0.0
30034,2026-01-06,C0297,маркетплейс,завершен,0.05
30035,2026-01-06,C0156,менеджер,завершен,0.03
30036,2026-01-06,C0292,маркетплейс,завершен,0.07
30037,2026-01-06,C0318,повторный заказ,завершен,0.03
30038,2026-01-06,C0070,повторный заказ,в работе,0.07
30039,2026-01-06,C0313,сайт,завершен,0.0
30040,2026-01-06,C0040,менеджер,завершен,0.07
30041,2026-01-06,C0339,менеджер,завершен,0.03
30042,2026-01-06,C0223,менеджер,отменен,0.05
30043,2026-01-06,C0039,повторный заказ,завершен,0.07
30044,2026-01-06,C0346,сайт,завершен,0.0
30045,2026-01-06,C0198,маркетплейс,завершен,0.05
30046,2026-01-06,C0312,сайт,отменен,0.0
30047,2026-01-06,C0189,менеджер,завершен,0.0
30048,2026-01-06,C0216,менеджер,завершен,0.1
30049,2026-01-06,C0002,сайт,в работе,0.07
30050,2026-01-07,C0310,сайт,завершен,0.07
30051,2026-01-07,C0176,сайт,завершен,0.03
30052,2026-01-07,C0021,сайт,завершен,0.05
30053,2026-01-07,C0318,сайт,завершен,0.03
30054,2026-01-07,C0201,сайт,завершен,0.05
30055,2026-01-07,C0028,сайт,завершен,0.0
30056,2026-01-07,C0251,сайт,завершен,0.03
30057,2026-01-07,C0270,сайт,в работе,0.03
30058,2026-01-07,C0286,сайт,завершен,0.03
30059,2026-01-07,C0090,сайт,завершен,0.0
30060,2026-01-07,C0081,сайт,завершен,0.03
30061,2026-01-07,C0303,повторный заказ,завершен,0.1
30062,2026-01-07,C0129,сайт,завершен,0.0
30063,2026-01-07,C0220,повторный заказ,завершен,0.0
30064,2026-01-07,C0262,сайт,отменен,0.03
30065,2026-01-07,C0239,маркетплейс,завершен,0.03
30066,2026-01-07,C0033,менеджер,завершен,0.0
30067,2026-01-08,C0073,сайт,завершен,0.0
30068,2026-01-08,C0161,маркетплейс,завершен,0.0
30069,2026-01-08,C0193,сайт,в работе,0.03
30070,2026-01-08,C0141,менеджер,завершен,0.07
30071,2026-01-08,C0298,маркетплейс,завершен,0.0
30072,2026-01-08,C0235,сайт,в работе,0.0
30073,2026-01-08,C0228,менеджер,завершен,0.05
30074,2026-01-08,C0115,маркетплейс,завершен,0.03
30075,2026-01-09,C0297,менеджер,завершен,0.1
30076,2026-01-09,C0035,маркетплейс,отменен,0.0
30077,2026-01-09,C0052,маркетплейс,завершен,0.0
30078,2026-01-09,C0111,повторный заказ,завершен,0.0
30079,2026-01-09,C0162,менеджер,завершен,0.07
30080,2026-01-09,C0191,сайт,завершен,0.05
30081,2026-01-09,C0345,менеджер,завершен,0.03
30082,2026-01-09,C0247,сайт,завершен,0.03
30083,2026-01-09,C0274,маркетплейс,завершен,0.0
30084,2026-01-12,C0236,менеджер,завершен,0.0
30085,2026-01-12,C0317,маркетплейс,завершен,0.0
30086,2026-01-12,C0050,менеджер,завершен,0.0
30087,2026-01-12,C0088,менеджер,завершен,0.03
30088,2026-01-12,C0290,сайт,отменен,0.05
30089,2026-01-12,C0067,сайт,завершен,0.03
30090,2026-01-12,C0022,менеджер,завершен,0.05
30091,2026-01-12,C0049,маркетплейс,завершен,0.0
30092,2026-01-13,C0017,маркетплейс,завершен,0.05
30093,2026-01-13,C0044,маркетплейс,завершен,0.0
30094,2026-01-13,C0100,маркетплейс,завершен,0.05
30095,2026-01-13,C0077,сайт,завершен,0.07
30096,2026-01-13,C0048,менеджер,завершен,0.03
30097,2026-01-13,C0072,сайт,завершен,0.05
30098,2026-01-13,C0173,маркетплейс,завершен,0.03
30099,2026-01-13,C0327,повторный заказ,завершен,0.0
30100,2026-01-13,C0114,маркетплейс,завершен,0.07
30101,2026-01-13,C0026,сайт,завершен,0.0
30102,2026-01-13,C0010,повторный заказ,завершен,0.0
30103,2026-01-13,C0324,сайт,завершен,0.07
30104,2026-01-13,C0159,сайт,завершен,0.07
30105,2026-01-13,C0061,маркетплейс,завершен,0.0
30106,2026-01-14,C0276,сайт,в работе,0.0
30107,2026-01-14,C0160,повторный заказ,завершен,0.0
30108,2026-01-14,C0116,сайт,завершен,0.03
30109,2026-01-14,C0275,сайт,в работе,0.0
30110,2026-01-14,C0167,сайт,завершен,0.1
30111,2026-01-14,C0334,менеджер,завершен,0.0
30112,2026-01-14,C0030,повторный заказ,завершен,0.05
30113,2026-01-14,C0295,сайт,завершен,0.0
30114,2026-01-14,C0027,маркетплейс,завершен,0.07
30115,2026-01-14,C0173,менеджер,завершен,0.03
30116,2026-01-15,C0211,менеджер,завершен,0.0
30117,2026-01-15,C0217,маркетплейс,завершен,0.07
30118,2026-01-15,C0029,маркетплейс,завершен,0.03
30119,2026-01-15,C0138,менеджер,завершен,0.07
30120,2026-01-15,C0320,сайт,завершен,0.05
30121,2026-01-15,C0135,менеджер,завершен,0.0
30122,2026-01-15,C0166,маркетплейс,в работе,0.0
30123,2026-01-15,C0247,сайт,завершен,0.03
30124,2026-01-15,C0041,сайт,завершен,0.0
30125,2026-01-15,C0335,менеджер,завершен,0.07
30126,2026-01-15,C0040,менеджер,завершен,0.0
30127,2026-01-15,C0181,маркетплейс,завершен,0.07
30128,2026-01-15,C0098,менеджер,завершен,0.03
30129,2026-01-15,C0207,сайт,завершен,0.03
30130,2026-01-15,C0152,сайт,завершен,0.0
30131,2026-01-15,C0019,менеджер,завершен,0.0
30132,2026-01-15,C0065,менеджер,завершен,0.03
30133,2026-01-16,C0343,повторный заказ,завершен,0.05
30134,2026-01-16,C0355,менеджер,завершен,0.05
30135,2026-01-16,C0140,повторный заказ,завершен,0.0
30136,2026-01-16,C0340,повторный заказ,отменен,0.03
30137,2026-01-16,C0201,повторный заказ,завершен,0.0
30138,2026-01-16,C0309,менеджер,завершен,0.1
30139,2026-01-16,C0324,маркетплейс,завершен,0.0
30140,2026-01-16,C0235,сайт,завершен,0.03
30141,2026-01-16,C0127,маркетплейс,завершен,0.07
30142,2026-01-16,C0116,сайт,завершен,0.1
30143,2026-01-16,C0188,менеджер,в работе,0.0
30144,2026-01-16,C0028,менеджер,завершен,0.07
30145,2026-01-16,C0120,сайт,завершен,0.07
30146,2026-01-16,C0089,сайт,завершен,0.05
30147,2026-01-16,C0247,менеджер,завершен,0.03
30148,2026-01-16,C0218,сайт,завершен,0.03
30149,2026-01-19,C0346,сайт,завершен,0.05
30150,2026-01-19,C0173,маркетплейс,завершен,0.05
30151,2026-01-19,C0298,менеджер,завершен,0.1
30152,2026-01-19,C0120,менеджер,завершен,0.05
30153,2026-01-19,C0262,менеджер,завершен,0.07
30154,2026-01-19,C0279,повторный заказ,завершен,0.1
30155,2026-01-19,C0358,сайт,завершен,0.07
30156,2026-01-19,C0231,маркетплейс,завершен,0.03
30157,2026-01-19,C0003,маркетплейс,завершен,0.03
30158,2026-01-19,C0140,сайт,завершен,0.0
30159,2026-01-19,C0274,повторный заказ,завершен,0.1
30160,2026-01-19,C0224,менеджер,завершен,0.0
30161,2026-01-19,C0056,менеджер,завершен,0.0
30162,2026-01-19,C0235,сайт,завершен,0.0
30163,2026-01-19,C0258,повторный заказ,завершен,0.0
30164,2026-01-19,C0124,сайт,завершен,0.05
30165,2026-01-19,C0122,сайт,завершен,0.07
30166,2026-01-19,C0280,повторный заказ,завершен,0.07
30167,2026-01-20,C0189,сайт,завершен,0.05
30168,2026-01-20,C0005,менеджер,завершен,0.03
30169,2026-01-20,C0163,сайт,завершен,0.05
30170,2026-01-20,C0114,маркетплейс,завершен,0.05
30171,2026-01-20,C0024,сайт,завершен,0.03
30172,2026-01-20,C0269,менеджер,завершен,0.0
30173,2026-01-20,C0110,сайт,завершен,0.0
30174,2026-01-20,C0222,сайт,завершен,0.03
30175,2026-01-20,C0023,маркетплейс,завершен,0.05
30176,2026-01-20,C0009,маркетплейс,завершен,0.0
30177,2026-01-20,C0157,сайт,отменен,0.03
30178,2026-01-20,C0009,сайт,завершен,0.0
30179,2026-01-20,C0313,сайт,завершен,0.0
30180,2026-01-20,C0292,менеджер,завершен,0.07
30181,2026-01-21,C0320,повторный заказ,завершен,0.0
30182,2026-01-21,C0330,менеджер,завершен,0.03
30183,2026-01-21,C0187,менеджер,завершен,0.05
30184,2026-01-21,C0077,маркетплейс,завершен,0.07
30185,2026-01-21,C0295,маркетплейс,завершен,0.05
30186,2026-01-21,C0071,сайт,завершен,0.03
30187,2026-01-21,C0179,сайт,завершен,0.05
30188,2026-01-21,C0247,сайт,завершен,0.05
30189,2026-01-21,C0337,сайт,завершен,0.03
30190,2026-01-21,C0009,сайт,завершен,0.1
30191,2026-01-21,C0195,менеджер,завершен,0.0
30192,2026-01-22,C0353,сайт,завершен,0.05
30193,2026-01-22,C0273,маркетплейс,в работе,0.0
30194,2026-01-22,C0282,повторный заказ,завершен,0.03
30195,2026-01-22,C0266,маркетплейс,завершен,0.1
30196,2026-01-22,C0339,повторный заказ,завершен,0.07
30197,2026-01-22,C0267,повторный заказ,завершен,0.07
30198,2026-01-22,C0264,менеджер,завершен,0.0
30199,2026-01-22,C0301,маркетплейс,в работе,0.0
30200,2026-01-22,C0035,повторный заказ,завершен,0.0
30201,2026-01-22,C0259,сайт,завершен,0.03
30202,2026-01-22,C0232,сайт,завершен,0.05
30203,2026-01-22,C0040,менеджер,завершен,0.07
30204,2026-01-22,C0122,менеджер,завершен,0.05
30205,2026-01-22,C0234,маркетплейс,завершен,0.03
30206,2026-01-22,C0318,сайт,завершен,0.05
30207,2026-01-22,C0015,маркетплейс,в работе,0.0
30208,2026-01-23,C0095,маркетплейс,завершен,0.05
30209,2026-01-23,C0173,сайт,в работе,0.0
30210,2026-01-23,C0187,сайт,завершен,0.03
30211,2026-01-23,C0147,сайт,в работе,0.0
30212,2026-01-23,C0082,повторный заказ,отменен,0.0
30213,2026-01-23,C0312,повторный заказ,завершен,0.0
30214,2026-01-23,C0016,маркетплейс,завершен,0.0
30215,2026-01-23,C0123,сайт,завершен,0.03
30216,2026-01-23,C0046,повторный заказ,завершен,0.1
30217,2026-01-23,C0018,менеджер,завершен,0.05
30218,2026-01-23,C0021,маркетплейс,завершен,0.0
30219,2026-01-23,C0057,повторный заказ,завершен,0.03
30220,2026-01-23,C0122,сайт,в работе,0.0
30221,2026-01-23,C0209,сайт,завершен,0.1
30222,2026-01-23,C0286,маркетплейс,завершен,0.0
30223,2026-01-23,C0269,менеджер,в работе,0.0
30224,2026-01-26,C0181,менеджер,завершен,0.05
30225,2026-01-26,C0144,повторный заказ,завершен,0.03
30226,2026-01-26,C0239,повторный заказ,завершен,0.07
30227,2026-01-26,C0022,сайт,в работе,0.05
30228,2026-01-26,C0042,повторный заказ,завершен,0.1
30229,2026-01-26,C0253,менеджер,завершен,0.0
30230,2026-01-26,C0324,сайт,завершен,0.07
30231,2026-01-26,C0246,менеджер,завершен,0.03
30232,2026-01-26,C0097,сайт,завершен,0.07
30233,2026-01-26,C0080,сайт,завершен,0.05
30234,2026-01-26,C0320,маркетплейс,завершен,0.07
30235,2026-01-26,C0292,менеджер,завершен,0.0
30236,2026-01-27,C0067,сайт,завершен,0.03
30237,2026-01-27,C0210,сайт,завершен,0.0
30238,2026-01-27,C0061,сайт,завершен,0.0
30239,2026-01-27,C0035,менеджер,завершен,0.05
30240,2026-01-27,C0147,маркетплейс,завершен,0.05
30241,2026-01-27,C0346,повторный заказ,завершен,0.03
30242,2026-01-27,C0301,маркетплейс,завершен,0.03
30243,2026-01-27,C0185,маркетплейс,завершен,0.03
30244,2026-01-27,C0138,сайт,завершен,0.03
30245,2026-01-27,C0080,сайт,в работе,0.1
30246,2026-01-27,C0018,менеджер,завершен,0.0
30247,2026-01-27,C0106,маркетплейс,завершен,0.05
30248,2026-01-28,C0332,сайт,завершен,0.03
30249,2026-01-28,C0137,сайт,завершен,0.05
30250,2026-01-28,C0243,маркетплейс,завершен,0.05
30251,2026-01-28,C0228,повторный заказ,завершен,0.05
30252,2026-01-28,C0046,менеджер,завершен,0.0
30253,2026-01-28,C0343,менеджер,завершен,0.0
30254,2026-01-28,C0232,маркетплейс,завершен,0.07
30255,2026-01-28,C0349,маркетплейс,завершен,0.07
30256,2026-01-28,C0100,сайт,завершен,0.05
30257,2026-01-28,C0138,менеджер,завершен,0.0
30258,2026-01-28,C0189,сайт,завершен,0.03
30259,2026-01-28,C0285,сайт,завершен,0.0
30260,2026-01-28,C0360,маркетплейс,завершен,0.1
30261,2026-01-28,C0007,менеджер,завершен,0.05
30262,2026-01-28,C0321,менеджер,в работе,0.03
30263,2026-01-28,C0143,сайт,завершен,0.0
30264,2026-01-29,C0163,сайт,завершен,0.07
30265,2026-01-29,C0331,повторный заказ,завершен,0.0
30266,2026-01-29,C0307,повторный заказ,завершен,0.0
30267,2026-01-29,C0319,менеджер,завершен,0.0
30268,2026-01-29,C0081,повторный заказ,завершен,0.07
30269,2026-01-29,C0122,сайт,завершен,0.0
30270,2026-01-29,C0084,маркетплейс,завершен,0.0
30271,2026-01-29,C0303,маркетплейс,в работе,0.03
30272,2026-01-29,C0314,маркетплейс,в работе,0.05
30273,2026-01-29,C0294,сайт,завершен,0.0
30274,2026-01-29,C0338,сайт,в работе,0.03
30275,2026-01-29,C0112,маркетплейс,в работе,0.03
30276,2026-01-29,C0299,менеджер,завершен,0.0
30277,2026-01-30,C0244,менеджер,завершен,0.07
30278,2026-01-30,C0202,менеджер,завершен,0.03
30279,2026-01-30,C0113,сайт,завершен,0.03
30280,2026-01-30,C0352,менеджер,завершен,0.0
30281,2026-01-30,C0292,сайт,в работе,0.07
30282,2026-01-30,C0158,сайт,завершен,0.03
30283,2026-01-30,C0183,повторный заказ,завершен,0.0
30284,2026-01-30,C0210,менеджер,завершен,0.03
30285,2026-01-30,C0191,маркетплейс,завершен,0.03
30286,2026-01-30,C0281,сайт,отменен,0.05
30287,2026-01-30,C0345,маркетплейс,завершен,0.05
30288,2026-01-30,C0358,менеджер,завершен,0.0
30289,2026-01-30,C0273,менеджер,завершен,0.1
30290,2026-01-30,C0033,повторный заказ,завершен,0.03
30291,2026-01-30,C0041,сайт,завершен,0.0
30292,2026-01-30,C0174,повторный заказ,завершен,0.07
30293,2026-01-30,C0295,сайт,отменен,0.05
30294,2026-01-30,C0094,менеджер,завершен,0.07
30295,2026-02-02,C0293,менеджер,завершен,0.0
30296,2026-02-02,C0156,менеджер,завершен,0.05
30297,2026-02-02,C0047,сайт,в работе,0.0
30298,2026-02-02,C0082,сайт,завершен,0.05
30299,2026-02-02,C0116,менеджер,завершен,0.0
30300,2026-02-02,C0359,маркетплейс,завершен,0.05
30301,2026-02-02,C0106,менеджер,завершен,0.0
30302,2026-02-02,C0228,сайт,завершен,0.0
30303,2026-02-02,C0005,маркетплейс,завершен,0.07
30304,2026-02-02,C0237,менеджер,отменен,0.07
30305,2026-02-02,C0148,менеджер,завершен,0.03
30306,2026-02-02,C0256,сайт,завершен,0.1
30307,2026-02-02,C0297,маркетплейс,завершен,0.07
30308,2026-02-02,C0126,сайт,завершен,0.0
30309,2026-02-02,C0091,менеджер,завершен,0.0
30310,2026-02-03,C0164,маркетплейс,завершен,0.0
30311,2026-02-03,C0271,сайт,завершен,0.03
30312,2026-02-03,C0297,сайт,завершен,0.03
30313,2026-02-03,C0168,маркетплейс,завершен,0.0
30314,2026-02-03,C0028,повторный заказ,завершен,0.05
30315,2026-02-03,C0092,менеджер,завершен,0.03
30316,2026-02-03,C0128,сайт,завершен,0.07
30317,2026-02-03,C0186,сайт,завершен,0.0
30318,2026-02-03,C0219,повторный заказ,завершен,0.0
30319,2026-02-04,C0143,сайт,отменен,0.03
30320,2026-02-04,C0124,повторный заказ,завершен,0.0
30321,2026-02-04,C0219,маркетплейс,завершен,0.0
30322,2026-02-04,C0309,менеджер,завершен,0.1
30323,2026-02-04,C0198,маркетплейс,завершен,0.0
30324,2026-02-04,C0306,маркетплейс,завершен,0.03
30325,2026-02-04,C0107,повторный заказ,завершен,0.03
30326,2026-02-04,C0074,маркетплейс,завершен,0.0
30327,2026-02-04,C0327,маркетплейс,завершен,0.07
30328,2026-02-04,C0273,сайт,завершен,0.0
30329,2026-02-04,C0196,менеджер,отменен,0.03
30330,2026-02-04,C0139,сайт,завершен,0.03
30331,2026-02-04,C0152,менеджер,завершен,0.05
30332,2026-02-04,C0144,сайт,завершен,0.03
30333,2026-02-04,C0201,маркетплейс,завершен,0.03
30334,2026-02-04,C0090,маркетплейс,завершен,0.1
30335,2026-02-05,C0068,маркетплейс,завершен,0.1
30336,2026-02-05,C0053,сайт,завершен,0.0
30337,2026-02-05,C0157,маркетплейс,завершен,0.0
30338,2026-02-05,C0084,маркетплейс,в работе,0.03
30339,2026-02-05,C0025,сайт,завершен,0.1
30340,2026-02-05,C0014,сайт,завершен,0.0
30341,2026-02-05,C0352,менеджер,завершен,0.03
30342,2026-02-05,C0351,повторный заказ,завершен,0.05
30343,2026-02-05,C0270,сайт,отменен,0.0
30344,2026-02-05,C0303,менеджер,завершен,0.03
30345,2026-02-05,C0174,менеджер,завершен,0.03
30346,2026-02-05,C0266,маркетплейс,завершен,0.0
30347,2026-02-05,C0065,менеджер,завершен,0.03
30348,2026-02-05,C0335,сайт,завершен,0.03
30349,2026-02-05,C0287,сайт,завершен,0.03
30350,2026-02-05,C0268,повторный заказ,завершен,0.0
30351,2026-02-05,C0252,повторный заказ,завершен,0.05
30352,2026-02-05,C0012,повторный заказ,завершен,0.03
30353,2026-02-06,C0170,сайт,завершен,0.05
30354,2026-02-06,C0144,менеджер,завершен,0.0
30355,2026-02-06,C0286,повторный заказ,завершен,0.03
30356,2026-02-06,C0259,сайт,завершен,0.05
30357,2026-02-06,C0243,повторный заказ,завершен,0.0
30358,2026-02-06,C0074,сайт,завершен,0.03
30359,2026-02-06,C0193,менеджер,завершен,0.0
30360,2026-02-06,C0321,маркетплейс,завершен,0.03
30361,2026-02-09,C0285,маркетплейс,завершен,0.05
30362,2026-02-09,C0121,маркетплейс,завершен,0.03
30363,2026-02-09,C0286,сайт,в работе,0.0
30364,2026-02-09,C0209,сайт,завершен,0.03
30365,2026-02-09,C0204,сайт,завершен,0.03
30366,2026-02-09,C0309,менеджер,завершен,0.05
30367,2026-02-09,C0003,сайт,завершен,0.0
30368,2026-02-09,C0297,маркетплейс,завершен,0.07
30369,2026-02-09,C0094,маркетплейс,в работе,0.0
30370,2026-02-09,C0251,повторный заказ,завершен,0.0
30371,2026-02-09,C0329,менеджер,в работе,0.1
30372,2026-02-09,C0020,повторный заказ,завершен,0.0
30373,2026-02-09,C0072,маркетплейс,завершен,0.05
30374,2026-02-09,C0030,сайт,завершен,0.0
30375,2026-02-09,C0030,маркетплейс,завершен,0.0
30376,2026-02-09,C0220,повторный заказ,завершен,0.0
30377,2026-02-09,C0354,маркетплейс,завершен,0.0
30378,2026-02-10,C0207,маркетплейс,завершен,0.0
30379,2026-02-10,C0290,сайт,завершен,0.05
30380,2026-02-10,C0246,менеджер,завершен,0.0
30381,2026-02-10,C0106,сайт,завершен,0.05
30382,2026-02-10,C0338,маркетплейс,завершен,0.0
30383,2026-02-10,C0045,маркетплейс,завершен,0.1
30384,2026-02-10,C0033,маркетплейс,завершен,0.0
30385,2026-02-10,C0351,сайт,в работе,0.1
30386,2026-02-10,C0188,менеджер,завершен,0.0
30387,2026-02-10,C0044,менеджер,завершен,0.05
30388,2026-02-11,C0175,менеджер,завершен,0.0
30389,2026-02-11,C0344,маркетплейс,завершен,0.05
30390,2026-02-11,C0131,менеджер,завершен,0.05
30391,2026-02-11,C0137,повторный заказ,завершен,0.0
30392,2026-02-11,C0036,повторный заказ,завершен,0.07
30393,2026-02-11,C0106,маркетплейс,завершен,0.03
30394,2026-02-11,C0291,менеджер,завершен,0.0
30395,2026-02-11,C0092,менеджер,завершен,0.05
30396,2026-02-11,C0338,сайт,завершен,0.0
30397,2026-02-11,C0007,менеджер,завершен,0.03
30398,2026-02-11,C0144,сайт,завершен,0.0
30399,2026-02-11,C0213,сайт,завершен,0.0
30400,2026-02-11,C0078,сайт,в работе,0.03
30401,2026-02-11,C0359,сайт,завершен,0.05
30402,2026-02-11,C0306,сайт,завершен,0.07
30403,2026-02-11,C0099,сайт,завершен,0.0
30404,2026-02-11,C0207,маркетплейс,завершен,0.03
30405,2026-02-11,C0339,менеджер,в работе,0.0
30406,2026-02-12,C0357,менеджер,в работе,0.03
30407,2026-02-12,C0077,маркетплейс,завершен,0.0
30408,2026-02-12,C0122,сайт,завершен,0.0
30409,2026-02-12,C0254,повторный заказ,завершен,0.07
30410,2026-02-12,C0092,сайт,в работе,0.03
30411,2026-02-12,C0326,сайт,завершен,0.03
30412,2026-02-12,C0074,сайт,завершен,0.0
30413,2026-02-12,C0244,менеджер,завершен,0.07
30414,2026-02-12,C0091,сайт,завершен,0.0
30415,2026-02-12,C0103,повторный заказ,отменен,0.05
30416,2026-02-12,C0323,менеджер,завершен,0.05
30417,2026-02-12,C0348,сайт,завершен,0.05
30418,2026-02-13,C0237,менеджер,завершен,0.03
30419,2026-02-13,C0197,сайт,завершен,0.0
30420,2026-02-13,C0052,менеджер,завершен,0.03
30421,2026-02-13,C0097,сайт,завершен,0.0
30422,2026-02-13,C0256,менеджер,завершен,0.03
30423,2026-02-13,C0268,менеджер,завершен,0.0
30424,2026-02-13,C0338,сайт,завершен,0.0
30425,2026-02-13,C0162,сайт,завершен,0.03
30426,2026-02-13,C0163,менеджер,завершен,0.05
30427,2026-02-13,C0282,повторный заказ,в работе,0.0
30428,2026-02-13,C0212,маркетплейс,завершен,0.05
30429,2026-02-13,C0081,маркетплейс,завершен,0.0
30430,2026-02-13,C0354,маркетплейс,завершен,0.1
30431,2026-02-13,C0246,сайт,завершен,0.0
30432,2026-02-13,C0149,сайт,завершен,0.05
30433,2026-02-13,C0104,менеджер,завершен,0.0
30434,2026-02-13,C0339,маркетплейс,завершен,0.0
30435,2026-02-13,C0340,менеджер,в работе,0.05
30436,2026-02-16,C0355,сайт,в работе,0.03
30437,2026-02-16,C0335,маркетплейс,в работе,0.0
30438,2026-02-16,C0305,сайт,в работе,0.05
30439,2026-02-16,C0243,менеджер,завершен,0.07
30440,2026-02-16,C0175,повторный заказ,завершен,0.0
30441,2026-02-16,C0220,маркетплейс,завершен,0.0
30442,2026-02-16,C0178,менеджер,в работе,0.03
30443,2026-02-16,C0012,сайт,завершен,0.05
30444,2026-02-16,C0156,сайт,завершен,0.0
30445,2026-02-16,C0049,сайт,завершен,0.1
30446,2026-02-16,C0292,повторный заказ,завершен,0.0
30447,2026-02-16,C0011,сайт,завершен,0.03
30448,2026-02-16,C0113,повторный заказ,завершен,0.0
30449,2026-02-16,C0290,маркетплейс,завершен,0.05
30450,2026-02-17,C0325,маркетплейс,завершен,0.03
30451,2026-02-17,C0178,сайт,отменен,0.0
30452,2026-02-17,C0283,маркетплейс,завершен,0.03
30453,2026-02-17,C0306,менеджер,завершен,0.07
30454,2026-02-17,C0085,сайт,завершен,0.03
30455,2026-02-17,C0313,менеджер,завершен,0.0
30456,2026-02-17,C0174,сайт,завершен,0.03
30457,2026-02-17,C0045,маркетплейс,отменен,0.05
30458,2026-02-17,C0305,повторный заказ,в работе,0.1
30459,2026-02-17,C0042,менеджер,завершен,0.03
30460,2026-02-17,C0245,сайт,завершен,0.05
30461,2026-02-17,C0005,маркетплейс,завершен,0.0
30462,2026-02-18,C0352,менеджер,завершен,0.07
30463,2026-02-18,C0207,менеджер,завершен,0.05
30464,2026-02-18,C0338,менеджер,завершен,0.05
30465,2026-02-18,C0355,сайт,завершен,0.03
30466,2026-02-18,C0288,сайт,завершен,0.0
30467,2026-02-18,C0118,сайт,завершен,0.03
30468,2026-02-18,C0274,маркетплейс,завершен,0.07
30469,2026-02-18,C0007,сайт,завершен,0.0
30470,2026-02-19,C0294,маркетплейс,завершен,0.03
30471,2026-02-19,C0244,менеджер,завершен,0.03
30472,2026-02-19,C0253,маркетплейс,завершен,0.03
30473,2026-02-19,C0120,маркетплейс,завершен,0.0
30474,2026-02-19,C0282,сайт,завершен,0.0
30475,2026-02-19,C0254,сайт,завершен,0.0
30476,2026-02-19,C0148,менеджер,в работе,0.05
30477,2026-02-19,C0251,менеджер,завершен,0.07
30478,2026-02-19,C0110,сайт,в работе,0.0
30479,2026-02-19,C0038,маркетплейс,завершен,0.05
30480,2026-02-19,C0332,повторный заказ,завершен,0.05
30481,2026-02-19,C0087,повторный заказ,завершен,0.03
30482,2026-02-19,C0014,менеджер,завершен,0.03
30483,2026-02-19,C0235,сайт,завершен,0.07
30484,2026-02-19,C0068,сайт,завершен,0.1
30485,2026-02-19,C0322,повторный заказ,завершен,0.0
30486,2026-02-19,C0264,сайт,завершен,0.03
30487,2026-02-20,C0343,менеджер,завершен,0.05
30488,2026-02-20,C0304,маркетплейс,завершен,0.03
30489,2026-02-20,C0300,маркетплейс,отменен,0.0
30490,2026-02-20,C0332,сайт,в работе,0.03
30491,2026-02-20,C0360,менеджер,завершен,0.03
30492,2026-02-20,C0010,сайт,отменен,0.05
30493,2026-02-20,C0222,маркетплейс,завершен,0.0
30494,2026-02-20,C0158,маркетплейс,завершен,0.03
30495,2026-02-20,C0166,сайт,завершен,0.05
30496,2026-02-20,C0097,повторный заказ,завершен,0.0
30497,2026-02-23,C0248,повторный заказ,завершен,0.0
30498,2026-02-23,C0255,менеджер,завершен,0.05
30499,2026-02-23,C0336,маркетплейс,завершен,0.03
30500,2026-02-23,C0142,сайт,в работе,0.0
30501,2026-02-23,C0095,менеджер,завершен,0.03
30502,2026-02-23,C0166,сайт,завершен,0.0
30503,2026-02-23,C0240,менеджер,завершен,0.0
30504,2026-02-23,C0357,менеджер,в работе,0.03
30505,2026-02-23,C0214,менеджер,завершен,0.05
30506,2026-02-23,C0282,менеджер,завершен,0.0
30507,2026-02-23,C0237,сайт,завершен,0.0
30508,2026-02-23,C0323,сайт,завершен,0.07
30509,2026-02-23,C0068,маркетплейс,в работе,0.1
30510,2026-02-23,C0099,повторный заказ,завершен,0.0
30511,2026-02-24,C0009,маркетплейс,завершен,0.0
30512,2026-02-24,C0129,повторный заказ,завершен,0.0
30513,2026-02-24,C0282,сайт,завершен,0.1
30514,2026-02-24,C0219,маркетплейс,завершен,0.03
30515,2026-02-24,C0287,маркетплейс,завершен,0.03
30516,2026-02-24,C0270,сайт,завершен,0.0
30517,2026-02-24,C0212,менеджер,завершен,0.0
30518,2026-02-24,C0152,сайт,завершен,0.07
30519,2026-02-25,C0161,сайт,завершен,0.03
30520,2026-02-25,C0008,повторный заказ,завершен,0.03
30521,2026-02-25,C0043,сайт,завершен,0.05
30522,2026-02-25,C0123,сайт,завершен,0.07
30523,2026-02-25,C0252,сайт,завершен,0.0
30524,2026-02-25,C0192,сайт,отменен,0.1
30525,2026-02-25,C0326,менеджер,в работе,0.0
30526,2026-02-25,C0231,сайт,завершен,0.05
30527,2026-02-25,C0280,менеджер,завершен,0.0
30528,2026-02-25,C0084,повторный заказ,завершен,0.03
30529,2026-02-25,C0018,маркетплейс,завершен,0.03
30530,2026-02-25,C0358,повторный заказ,завершен,0.0
30531,2026-02-25,C0165,менеджер,завершен,0.03
30532,2026-02-25,C0302,менеджер,завершен,0.0
30533,2026-02-25,C0243,повторный заказ,завершен,0.03
30534,2026-02-26,C0203,сайт,завершен,0.0
30535,2026-02-26,C0138,повторный заказ,завершен,0.07
30536,2026-02-26,C0032,повторный заказ,завершен,0.1
30537,2026-02-26,C0099,маркетплейс,завершен,0.07
30538,2026-02-26,C0056,повторный заказ,завершен,0.07
30539,2026-02-26,C0111,повторный заказ,завершен,0.0
30540,2026-02-26,C0009,повторный заказ,завершен,0.05
30541,2026-02-26,C0235,маркетплейс,завершен,0.05
30542,2026-02-26,C0015,маркетплейс,завершен,0.07
30543,2026-02-26,C0298,сайт,завершен,0.03
30544,2026-02-26,C0224,маркетплейс,завершен,0.0
30545,2026-02-26,C0041,сайт,завершен,0.07
30546,2026-02-26,C0210,менеджер,завершен,0.07
30547,2026-02-26,C0296,менеджер,завершен,0.0
30548,2026-02-26,C0158,сайт,завершен,0.0
30549,2026-02-26,C0173,сайт,завершен,0.1
30550,2026-02-27,C0047,сайт,завершен,0.1
30551,2026-02-27,C0250,повторный заказ,завершен,0.07
30552,2026-02-27,C0152,менеджер,завершен,0.0
30553,2026-02-27,C0121,повторный заказ,завершен,0.0
30554,2026-02-27,C0003,маркетплейс,завершен,0.1
30555,2026-02-27,C0114,сайт,завершен,0.03
30556,2026-02-27,C0060,сайт,завершен,0.05
30557,2026-02-27,C0187,менеджер,завершен,0.0
30558,2026-02-27,C0188,маркетплейс,завершен,0.05
30559,2026-02-27,C0017,повторный заказ,завершен,0.1
30560,2026-02-27,C0199,маркетплейс,завершен,0.0
30561,2026-02-27,C0111,маркетплейс,в работе,0.1
30562,2026-02-27,C0059,сайт,завершен,0.07
30563,2026-03-02,C0123,маркетплейс,завершен,0.05
30564,2026-03-02,C0012,маркетплейс,в работе,0.0
30565,2026-03-02,C0228,менеджер,отменен,0.03
30566,2026-03-02,C0004,маркетплейс,завершен,0.0
30567,2026-03-02,C0310,менеджер,отменен,0.03
30568,2026-03-02,C0195,маркетплейс,завершен,0.05
30569,2026-03-02,C0135,менеджер,завершен,0.1
30570,2026-03-02,C0154,маркетплейс,в работе,0.0
30571,2026-03-02,C0115,сайт,в работе,0.0
30572,2026-03-02,C0191,маркетплейс,завершен,0.03
30573,2026-03-02,C0246,маркетплейс,завершен,0.0
30574,2026-03-02,C0359,менеджер,в работе,0.0
30575,2026-03-02,C0284,сайт,завершен,0.03
30576,2026-03-02,C0256,менеджер,завершен,0.0
30577,2026-03-02,C0334,менеджер,завершен,0.0
30578,2026-03-02,C0278,менеджер,завершен,0.05
30579,2026-03-03,C0322,сайт,завершен,0.0
30580,2026-03-03,C0346,сайт,завершен,0.05
30581,2026-03-03,C0003,сайт,завершен,0.07
30582,2026-03-03,C0090,сайт,завершен,0.0
30583,2026-03-03,C0163,повторный заказ,завершен,0.0
30584,2026-03-03,C0096,менеджер,завершен,0.0
30585,2026-03-03,C0049,менеджер,завершен,0.0
30586,2026-03-03,C0356,маркетплейс,отменен,0.03
30587,2026-03-04,C0295,менеджер,завершен,0.03
30588,2026-03-04,C0050,сайт,завершен,0.03
30589,2026-03-04,C0014,менеджер,завершен,0.07
30590,2026-03-04,C0200,сайт,в работе,0.07
30591,2026-03-04,C0180,сайт,завершен,0.1
30592,2026-03-04,C0088,менеджер,завершен,0.0
30593,2026-03-04,C0155,сайт,завершен,0.0
30594,2026-03-04,C0175,сайт,завершен,0.07
30595,2026-03-04,C0009,менеджер,завершен,0.0
30596,2026-03-04,C0043,маркетплейс,отменен,0.03
30597,2026-03-04,C0053,повторный заказ,завершен,0.0
30598,2026-03-04,C0189,сайт,завершен,0.0
30599,2026-03-05,C0043,менеджер,завершен,0.0
30600,2026-03-05,C0352,маркетплейс,завершен,0.0
30601,2026-03-05,C0150,повторный заказ,завершен,0.05
30602,2026-03-05,C0222,сайт,завершен,0.0
30603,2026-03-05,C0296,повторный заказ,завершен,0.0
30604,2026-03-05,C0129,менеджер,завершен,0.07
30605,2026-03-05,C0332,повторный заказ,завершен,0.05
30606,2026-03-05,C0172,повторный заказ,завершен,0.05
30607,2026-03-05,C0129,менеджер,завершен,0.05
30608,2026-03-05,C0030,сайт,завершен,0.05
30609,2026-03-05,C0211,сайт,завершен,0.05
30610,2026-03-05,C0002,сайт,завершен,0.0
30611,2026-03-05,C0201,сайт,завершен,0.07
30612,2026-03-05,C0352,сайт,завершен,0.03
30613,2026-03-05,C0249,сайт,завершен,0.05
30614,2026-03-06,C0303,сайт,завершен,0.0
30615,2026-03-06,C0155,сайт,завершен,0.05
30616,2026-03-06,C0083,менеджер,завершен,0.07
30617,2026-03-06,C0184,сайт,завершен,0.03
30618,2026-03-06,C0188,менеджер,завершен,0.0
30619,2026-03-06,C0178,сайт,завершен,0.03
30620,2026-03-06,C0311,менеджер,завершен,0.03
30621,2026-03-06,C0197,менеджер,завершен,0.07
30622,2026-03-06,C0227,маркетплейс,завершен,0.05
30623,2026-03-06,C0315,менеджер,завершен,0.0
30624,2026-03-06,C0286,менеджер,завершен,0.0
30625,2026-03-06,C0359,менеджер,завершен,0.05
30626,2026-03-06,C0163,повторный заказ,завершен,0.0
30627,2026-03-09,C0197,сайт,в работе,0.0
30628,2026-03-09,C0225,сайт,завершен,0.03
30629,2026-03-09,C0052,сайт,завершен,0.0
30630,2026-03-09,C0158,маркетплейс,завершен,0.03
30631,2026-03-09,C0110,сайт,в работе,0.05
30632,2026-03-09,C0157,менеджер,в работе,0.0
30633,2026-03-09,C0126,менеджер,завершен,0.0
30634,2026-03-09,C0320,маркетплейс,завершен,0.03
30635,2026-03-09,C0188,сайт,завершен,0.07
30636,2026-03-09,C0298,сайт,завершен,0.0
30637,2026-03-10,C0124,маркетплейс,завершен,0.0
30638,2026-03-10,C0319,маркетплейс,завершен,0.07
30639,2026-03-10,C0069,сайт,завершен,0.0
30640,2026-03-10,C0142,повторный заказ,в работе,0.0
30641,2026-03-10,C0254,повторный заказ,отменен,0.0
30642,2026-03-10,C0253,сайт,завершен,0.07
30643,2026-03-10,C0180,маркетплейс,завершен,0.0
30644,2026-03-10,C0334,маркетплейс,в работе,0.03
30645,2026-03-10,C0318,маркетплейс,завершен,0.05
30646,2026-03-10,C0023,менеджер,завершен,0.05
30647,2026-03-10,C0337,сайт,завершен,0.07
30648,2026-03-10,C0239,маркетплейс,завершен,0.05
30649,2026-03-10,C0282,сайт,завершен,0.07
30650,2026-03-10,C0017,менеджер,завершен,0.0
30651,2026-03-10,C0142,менеджер,завершен,0.05
30652,2026-03-10,C0267,менеджер,завершен,0.03
30653,2026-03-10,C0074,сайт,завершен,0.0
30654,2026-03-11,C0124,маркетплейс,завершен,0.07
30655,2026-03-11,C0250,сайт,завершен,0.05
30656,2026-03-11,C0255,менеджер,завершен,0.1
30657,2026-03-11,C0235,повторный заказ,завершен,0.03
30658,2026-03-11,C0223,повторный заказ,завершен,0.05
30659,2026-03-11,C0095,сайт,завершен,0.03
30660,2026-03-11,C0266,повторный заказ,завершен,0.0
30661,2026-03-11,C0357,сайт,завершен,0.05
30662,2026-03-11,C0077,повторный заказ,завершен,0.03
30663,2026-03-11,C0161,менеджер,завершен,0.03
30664,2026-03-11,C0048,сайт,завершен,0.03
30665,2026-03-11,C0326,повторный заказ,завершен,0.0
30666,2026-03-11,C0319,менеджер,завершен,0.03
30667,2026-03-11,C0045,маркетплейс,завершен,0.05
30668,2026-03-11,C0259,сайт,завершен,0.1
30669,2026-03-11,C0132,маркетплейс,завершен,0.0
30670,2026-03-11,C0089,маркетплейс,завершен,0.03
30671,2026-03-12,C0256,повторный заказ,завершен,0.03
30672,2026-03-12,C0334,маркетплейс,завершен,0.05
30673,2026-03-12,C0003,сайт,в работе,0.0
30674,2026-03-12,C0046,сайт,завершен,0.0
30675,2026-03-12,C0334,менеджер,завершен,0.07
30676,2026-03-12,C0251,сайт,завершен,0.1
30677,2026-03-12,C0111,менеджер,завершен,0.03
30678,2026-03-12,C0105,повторный заказ,завершен,0.0
30679,2026-03-12,C0345,сайт,отменен,0.03
30680,2026-03-12,C0058,менеджер,завершен,0.05
30681,2026-03-12,C0329,сайт,завершен,0.05
30682,2026-03-12,C0060,маркетплейс,завершен,0.0
30683,2026-03-12,C0280,повторный заказ,завершен,0.0
30684,2026-03-12,C0012,маркетплейс,завершен,0.07
30685,2026-03-12,C0033,сайт,завершен,0.0
30686,2026-03-12,C0162,сайт,завершен,0.0
30687,2026-03-12,C0197,повторный заказ,завершен,0.03
30688,2026-03-13,C0312,сайт,завершен,0.05
30689,2026-03-13,C0275,менеджер,завершен,0.0
30690,2026-03-13,C0252,сайт,завершен,0.0
30691,2026-03-13,C0010,повторный заказ,завершен,0.03
30692,2026-03-13,C0271,менеджер,завершен,0.0
30693,2026-03-13,C0310,сайт,завершен,0.05
30694,2026-03-13,C0087,менеджер,завершен,0.0
30695,2026-03-13,C0113,сайт,завершен,0.05
30696,2026-03-13,C0326,менеджер,завершен,0.03
30697,2026-03-13,C0199,менеджер,завершен,0.0
30698,2026-03-13,C0354,менеджер,завершен,0.05
30699,2026-03-13,C0298,сайт,завершен,0.0
30700,2026-03-13,C0289,сайт,в работе,0.07
30701,2026-03-13,C0124,повторный заказ,завершен,0.05
30702,2026-03-13,C0135,сайт,в работе,0.0
30703,2026-03-13,C0307,повторный заказ,завершен,0.1
30704,2026-03-13,C0032,маркетплейс,завершен,0.0
30705,2026-03-13,C0334,сайт,завершен,0.07
30706,2026-03-16,C0062,маркетплейс,завершен,0.0
30707,2026-03-16,C0113,менеджер,завершен,0.03
30708,2026-03-16,C0336,сайт,в работе,0.07
30709,2026-03-16,C0203,повторный заказ,завершен,0.0
30710,2026-03-16,C0104,менеджер,завершен,0.0
30711,2026-03-16,C0061,сайт,завершен,0.07
30712,2026-03-16,C0284,сайт,завершен,0.0
30713,2026-03-16,C0221,сайт,завершен,0.07
30714,2026-03-16,C0064,сайт,завершен,0.0
30715,2026-03-16,C0340,сайт,завершен,0.0
30716,2026-03-16,C0049,повторный заказ,завершен,0.0
30717,2026-03-16,C0347,маркетплейс,завершен,0.1
30718,2026-03-16,C0119,менеджер,завершен,0.07
30719,2026-03-16,C0265,менеджер,завершен,0.0
30720,2026-03-16,C0169,менеджер,завершен,0.03
30721,2026-03-16,C0142,маркетплейс,завершен,0.05
30722,2026-03-16,C0092,повторный заказ,завершен,0.0
30723,2026-03-17,C0202,маркетплейс,завершен,0.0
30724,2026-03-17,C0111,менеджер,завершен,0.0
30725,2026-03-17,C0141,менеджер,завершен,0.0
30726,2026-03-17,C0168,маркетплейс,завершен,0.1
30727,2026-03-17,C0202,сайт,завершен,0.0
30728,2026-03-17,C0115,сайт,завершен,0.0
30729,2026-03-17,C0079,сайт,завершен,0.05
30730,2026-03-17,C0250,сайт,отменен,0.0
30731,2026-03-17,C0279,повторный заказ,завершен,0.03
30732,2026-03-17,C0161,сайт,в работе,0.03
30733,2026-03-17,C0014,менеджер,завершен,0.0
30734,2026-03-17,C0239,сайт,завершен,0.05
30735,2026-03-17,C0067,повторный заказ,завершен,0.0
30736,2026-03-17,C0214,менеджер,завершен,0.05
30737,2026-03-17,C0346,менеджер,в работе,0.05
30738,2026-03-17,C0105,сайт,завершен,0.0
30739,2026-03-17,C0042,менеджер,отменен,0.03
30740,2026-03-17,C0043,сайт,отменен,0.0
30741,2026-03-18,C0071,сайт,завершен,0.0
30742,2026-03-18,C0349,менеджер,в работе,0.07
30743,2026-03-18,C0329,сайт,завершен,0.0
30744,2026-03-18,C0301,сайт,в работе,0.05
30745,2026-03-18,C0021,маркетплейс,завершен,0.05
30746,2026-03-18,C0216,менеджер,в работе,0.03
30747,2026-03-18,C0107,сайт,завершен,0.0
30748,2026-03-18,C0282,сайт,завершен,0.03
30749,2026-03-18,C0305,менеджер,завершен,0.0
30750,2026-03-18,C0135,менеджер,отменен,0.0
30751,2026-03-18,C0022,сайт,завершен,0.0
30752,2026-03-18,C0189,повторный заказ,завершен,0.0
30753,2026-03-18,C0080,менеджер,завершен,0.05
30754,2026-03-18,C0002,сайт,завершен,0.07
30755,2026-03-18,C0127,сайт,завершен,0.05
30756,2026-03-18,C0260,повторный заказ,завершен,0.03
30757,2026-03-19,C0061,маркетплейс,завершен,0.1
30758,2026-03-19,C0057,менеджер,в работе,0.05
30759,2026-03-19,C0200,сайт,завершен,0.0
30760,2026-03-19,C0341,менеджер,завершен,0.05
30761,2026-03-19,C0257,маркетплейс,завершен,0.07
30762,2026-03-19,C0343,сайт,завершен,0.0
30763,2026-03-19,C0138,сайт,завершен,0.03
30764,2026-03-19,C0171,сайт,завершен,0.0
30765,2026-03-19,C0121,менеджер,завершен,0.05
30766,2026-03-19,C0081,сайт,завершен,0.07
30767,2026-03-19,C0182,сайт,завершен,0.1
30768,2026-03-20,C0249,менеджер,завершен,0.0
30769,2026-03-20,C0176,маркетплейс,завершен,0.0
30770,2026-03-20,C0247,менеджер,завершен,0.03
30771,2026-03-20,C0320,менеджер,завершен,0.0
30772,2026-03-20,C0093,менеджер,завершен,0.05
30773,2026-03-20,C0164,менеджер,в работе,0.05
30774,2026-03-20,C0306,сайт,завершен,0.1
30775,2026-03-20,C0336,сайт,завершен,0.03
30776,2026-03-20,C0112,сайт,в работе,0.03
30777,2026-03-20,C0272,повторный заказ,завершен,0.0
30778,2026-03-20,C0157,маркетплейс,завершен,0.07
30779,2026-03-23,C0216,маркетплейс,завершен,0.0
30780,2026-03-23,C0333,маркетплейс,завершен,0.03
30781,2026-03-23,C0149,повторный заказ,завершен,0.07
30782,2026-03-23,C0205,сайт,отменен,0.07
30783,2026-03-23,C0209,сайт,завершен,0.0
30784,2026-03-23,C0261,повторный заказ,завершен,0.0
30785,2026-03-23,C0040,маркетплейс,завершен,0.03
30786,2026-03-23,C0275,менеджер,завершен,0.05
30787,2026-03-23,C0269,маркетплейс,завершен,0.05
30788,2026-03-23,C0122,менеджер,завершен,0.0
30789,2026-03-23,C0022,сайт,завершен,0.0
30790,2026-03-23,C0297,маркетплейс,завершен,0.07
30791,2026-03-23,C0036,повторный заказ,завершен,0.0
30792,2026-03-23,C0117,повторный заказ,завершен,0.03
30793,2026-03-23,C0046,повторный заказ,завершен,0.03
30794,2026-03-23,C0321,сайт,завершен,0.0
30795,2026-03-23,C0211,повторный заказ,завершен,0.0
30796,2026-03-23,C0041,повторный заказ,завершен,0.05
30797,2026-03-24,C0204,повторный заказ,завершен,0.07
30798,2026-03-24,C0174,сайт,в работе,0.03
30799,2026-03-24,C0208,маркетплейс,завершен,0.05
30800,2026-03-24,C0178,сайт,завершен,0.07
30801,2026-03-24,C0095,менеджер,завершен,0.05
30802,2026-03-24,C0058,повторный заказ,завершен,0.0
30803,2026-03-24,C0060,маркетплейс,завершен,0.05
30804,2026-03-24,C0217,сайт,завершен,0.03
30805,2026-03-24,C0227,сайт,завершен,0.05
30806,2026-03-24,C0279,сайт,в работе,0.05
30807,2026-03-24,C0356,сайт,завершен,0.05
30808,2026-03-24,C0047,маркетплейс,завершен,0.0
30809,2026-03-25,C0318,сайт,завершен,0.0
30810,2026-03-25,C0057,маркетплейс,завершен,0.0
30811,2026-03-25,C0062,менеджер,завершен,0.0
30812,2026-03-25,C0249,менеджер,завершен,0.07
30813,2026-03-25,C0106,менеджер,завершен,0.0
30814,2026-03-25,C0165,менеджер,завершен,0.05
30815,2026-03-25,C0359,маркетплейс,завершен,0.03
30816,2026-03-25,C0227,сайт,в работе,0.05
30817,2026-03-26,C0151,повторный заказ,завершен,0.05
30818,2026-03-26,C0288,сайт,завершен,0.03
30819,2026-03-26,C0282,сайт,завершен,0.05
30820,2026-03-26,C0248,повторный заказ,в работе,0.05
30821,2026-03-26,C0306,менеджер,завершен,0.1
30822,2026-03-26,C0344,менеджер,в работе,0.1
30823,2026-03-26,C0238,сайт,завершен,0.0
30824,2026-03-26,C0179,сайт,в работе,0.07
30825,2026-03-26,C0199,сайт,завершен,0.05
30826,2026-03-26,C0238,повторный заказ,завершен,0.03
30827,2026-03-27,C0255,сайт,завершен,0.0
30828,2026-03-27,C0299,повторный заказ,завершен,0.0
30829,2026-03-27,C0082,маркетплейс,завершен,0.05
30830,2026-03-27,C0154,маркетплейс,завершен,0.03
30831,2026-03-27,C0255,сайт,в работе,0.05
30832,2026-03-27,C0128,менеджер,завершен,0.0
30833,2026-03-27,C0131,менеджер,завершен,0.07
30834,2026-03-27,C0337,маркетплейс,завершен,0.07
30835,2026-03-27,C0250,маркетплейс,завершен,0.07
30836,2026-03-30,C0132,менеджер,завершен,0.03
30837,2026-03-30,C0156,менеджер,завершен,0.0
30838,2026-03-30,C0055,повторный заказ,завершен,0.07
30839,2026-03-30,C0327,маркетплейс,завершен,0.03
30840,2026-03-30,C0220,повторный заказ,завершен,0.0
30841,2026-03-30,C0016,маркетплейс,завершен,0.0
30842,2026-03-30,C0088,маркетплейс,завершен,0.0
30843,2026-03-30,C0348,менеджер,завершен,0.05
30844,2026-03-30,C0169,повторный заказ,завершен,0.07
30845,2026-03-30,C0222,повторный заказ,в работе,0.03
30846,2026-03-30,C0133,менеджер,завершен,0.0
30847,2026-03-30,C0150,сайт,завершен,0.07
30848,2026-03-30,C0211,сайт,завершен,0.03
30849,2026-03-30,C0088,маркетплейс,завершен,0.05
30850,2026-03-30,C0285,сайт,завершен,0.0
30851,2026-03-30,C0021,повторный заказ,завершен,0.0
30852,2026-03-30,C0169,маркетплейс,завершен,0.0
30853,2026-03-30,C0340,маркетплейс,завершен,0.03
30854,2026-03-31,C0199,сайт,завершен,0.05
30855,2026-03-31,C0171,сайт,в работе,0.03
30856,2026-03-31,C0238,сайт,завершен,0.0
30857,2026-03-31,C0242,повторный заказ,завершен,0.05
30858,2026-03-31,C0198,сайт,завершен,0.03
30859,2026-03-31,C0331,повторный заказ,завершен,0.03
30860,2026-03-31,C0081,сайт,завершен,0.03
30861,2026-03-31,C0079,сайт,завершен,0.0
30862,2026-03-31,C0312,маркетплейс,завершен,0.03
30863,2026-03-31,C0016,менеджер,завершен,0.0
30864,2026-04-01,C0283,менеджер,завершен,0.07
30865,2026-04-01,C0051,повторный заказ,завершен,0.07
30866,2026-04-01,C0064,менеджер,завершен,0.05
30867,2026-04-01,C0125,сайт,завершен,0.03
30868,2026-04-01,C0032,менеджер,завершен,0.0
30869,2026-04-01,C0125,маркетплейс,завершен,0.07
30870,2026-04-01,C0125,сайт,в работе,0.0
30871,2026-04-01,C0035,сайт,завершен,0.07
30872,2026-04-01,C0345,менеджер,завершен,0.03
30873,2026-04-02,C0089,менеджер,завершен,0.0
30874,2026-04-02,C0131,маркетплейс,завершен,0.0
30875,2026-04-02,C0181,сайт,завершен,0.05
30876,2026-04-02,C0212,сайт,завершен,0.07
30877,2026-04-02,C0044,сайт,отменен,0.1
30878,2026-04-02,C0299,повторный заказ,завершен,0.03
30879,2026-04-02,C0283,сайт,завершен,0.05
30880,2026-04-02,C0047,повторный заказ,завершен,0.07
30881,2026-04-03,C0062,сайт,завершен,0.1
30882,2026-04-03,C0307,сайт,завершен,0.07
30883,2026-04-03,C0294,повторный заказ,завершен,0.07
30884,2026-04-03,C0202,сайт,отменен,0.07
30885,2026-04-03,C0284,сайт,завершен,0.0
30886,2026-04-03,C0333,сайт,завершен,0.03
30887,2026-04-03,C0049,повторный заказ,завершен,0.0
30888,2026-04-03,C0281,менеджер,завершен,0.03
30889,2026-04-03,C0111,сайт,завершен,0.07
30890,2026-04-03,C0081,менеджер,завершен,0.1
30891,2026-04-03,C0078,менеджер,завершен,0.03
30892,2026-04-03,C0065,менеджер,завершен,0.0
30893,2026-04-03,C0020,повторный заказ,завершен,0.0
30894,2026-04-03,C0233,сайт,завершен,0.1
30895,2026-04-03,C0272,сайт,завершен,0.05
30896,2026-04-03,C0272,маркетплейс,завершен,0.1
30897,2026-04-03,C0279,сайт,завершен,0.07
30898,2026-04-03,C0117,сайт,завершен,0.0
30899,2026-04-06,C0071,сайт,завершен,0.07
30900,2026-04-06,C0286,сайт,отменен,0.03
30901,2026-04-06,C0209,повторный заказ,завершен,0.03
30902,2026-04-06,C0185,менеджер,завершен,0.0
30903,2026-04-06,C0103,менеджер,завершен,0.0
30904,2026-04-06,C0352,сайт,завершен,0.07
30905,2026-04-06,C0077,повторный заказ,завершен,0.05
30906,2026-04-06,C0133,маркетплейс,завершен,0.0
30907,2026-04-06,C0202,маркетплейс,завершен,0.1
30908,2026-04-06,C0147,сайт,в работе,0.07
30909,2026-04-06,C0112,маркетплейс,завершен,0.05
30910,2026-04-06,C0120,сайт,завершен,0.0
30911,2026-04-06,C0110,маркетплейс,в работе,0.03
30912,2026-04-06,C0217,менеджер,завершен,0.0
30913,2026-04-06,C0040,менеджер,завершен,0.05
30914,2026-04-06,C0299,маркетплейс,завершен,0.03
30915,2026-04-07,C0054,менеджер,завершен,0.0
30916,2026-04-07,C0150,менеджер,завершен,0.05
30917,2026-04-07,C0093,сайт,в работе,0.1
30918,2026-04-07,C0084,сайт,отменен,0.0
30919,2026-04-07,C0354,сайт,в работе,0.03
30920,2026-04-07,C0268,повторный заказ,завершен,0.03
30921,2026-04-07,C0076,сайт,отменен,0.1
30922,2026-04-07,C0235,маркетплейс,завершен,0.05
30923,2026-04-07,C0137,сайт,завершен,0.03
30924,2026-04-07,C0276,повторный заказ,завершен,0.07
30925,2026-04-07,C0336,сайт,завершен,0.0
30926,2026-04-07,C0323,менеджер,завершен,0.03
30927,2026-04-07,C0360,повторный заказ,завершен,0.0
30928,2026-04-07,C0103,сайт,завершен,0.0
30929,2026-04-07,C0219,менеджер,завершен,0.05
30930,2026-04-08,C0322,сайт,завершен,0.0
30931,2026-04-08,C0287,менеджер,завершен,0.07
30932,2026-04-08,C0078,сайт,отменен,0.05
30933,2026-04-08,C0106,повторный заказ,в работе,0.07
30934,2026-04-08,C0253,маркетплейс,завершен,0.05
30935,2026-04-08,C0340,менеджер,завершен,0.03
30936,2026-04-08,C0213,повторный заказ,завершен,0.0
30937,2026-04-08,C0275,маркетплейс,завершен,0.05
30938,2026-04-08,C0189,сайт,в работе,0.05
30939,2026-04-08,C0354,сайт,завершен,0.07
30940,2026-04-08,C0339,повторный заказ,завершен,0.07
30941,2026-04-08,C0049,сайт,завершен,0.07
30942,2026-04-08,C0184,менеджер,отменен,0.0
30943,2026-04-08,C0030,маркетплейс,завершен,0.03
30944,2026-04-08,C0230,сайт,завершен,0.03
30945,2026-04-08,C0001,сайт,в работе,0.0
30946,2026-04-09,C0235,сайт,отменен,0.07
30947,2026-04-09,C0040,повторный заказ,завершен,0.0
30948,2026-04-09,C0324,повторный заказ,завершен,0.07
30949,2026-04-09,C0290,менеджер,завершен,0.03
30950,2026-04-09,C0269,маркетплейс,отменен,0.03
30951,2026-04-09,C0033,менеджер,завершен,0.0
30952,2026-04-09,C0243,сайт,завершен,0.05
30953,2026-04-09,C0322,сайт,завершен,0.07
30954,2026-04-09,C0291,маркетплейс,завершен,0.0
30955,2026-04-10,C0026,менеджер,завершен,0.0
30956,2026-04-10,C0164,менеджер,завершен,0.0
30957,2026-04-10,C0037,сайт,завершен,0.03
30958,2026-04-10,C0267,сайт,завершен,0.07
30959,2026-04-10,C0306,маркетплейс,в работе,0.1
30960,2026-04-10,C0344,маркетплейс,отменен,0.0
30961,2026-04-10,C0016,менеджер,завершен,0.0
30962,2026-04-10,C0036,сайт,завершен,0.1
30963,2026-04-10,C0156,сайт,завершен,0.03
30964,2026-04-13,C0224,сайт,завершен,0.0
30965,2026-04-13,C0136,маркетплейс,завершен,0.0
30966,2026-04-13,C0297,повторный заказ,завершен,0.05
30967,2026-04-13,C0145,сайт,завершен,0.0
30968,2026-04-13,C0042,маркетплейс,завершен,0.03
30969,2026-04-13,C0015,маркетплейс,завершен,0.05
30970,2026-04-13,C0063,сайт,завершен,0.05
30971,2026-04-13,C0047,менеджер,завершен,0.0
30972,2026-04-13,C0356,маркетплейс,в работе,0.0
30973,2026-04-13,C0023,менеджер,завершен,0.0
30974,2026-04-13,C0162,менеджер,завершен,0.03
30975,2026-04-13,C0172,менеджер,завершен,0.03
30976,2026-04-13,C0040,сайт,завершен,0.05
30977,2026-04-13,C0329,маркетплейс,завершен,0.07
30978,2026-04-13,C0230,маркетплейс,отменен,0.0
30979,2026-04-13,C0212,повторный заказ,завершен,0.0
30980,2026-04-13,C0023,маркетплейс,в работе,0.03
30981,2026-04-13,C0220,менеджер,завершен,0.05
30982,2026-04-14,C0062,повторный заказ,завершен,0.0
30983,2026-04-14,C0341,повторный заказ,завершен,0.1
30984,2026-04-14,C0331,сайт,завершен,0.03
30985,2026-04-14,C0219,сайт,завершен,0.0
30986,2026-04-14,C0199,повторный заказ,завершен,0.07
30987,2026-04-14,C0268,сайт,завершен,0.03
30988,2026-04-14,C0256,менеджер,завершен,0.05
30989,2026-04-14,C0343,сайт,завершен,0.1
30990,2026-04-14,C0336,маркетплейс,завершен,0.0
30991,2026-04-14,C0318,сайт,завершен,0.07
30992,2026-04-15,C0253,маркетплейс,завершен,0.03
30993,2026-04-15,C0264,сайт,завершен,0.0
30994,2026-04-15,C0164,сайт,завершен,0.03
30995,2026-04-15,C0207,маркетплейс,завершен,0.0
30996,2026-04-15,C0064,сайт,завершен,0.03
30997,2026-04-15,C0354,менеджер,в работе,0.05
30998,2026-04-15,C0124,маркетплейс,завершен,0.05
30999,2026-04-15,C0351,сайт,завершен,0.07
31000,2026-04-15,C0071,сайт,завершен,0.0
31001,2026-04-15,C0221,сайт,завершен,0.0
31002,2026-04-15,C0299,маркетплейс,завершен,0.0
31003,2026-04-15,C0129,менеджер,завершен,0.0
31004,2026-04-15,C0338,сайт,завершен,0.05
31005,2026-04-16,C0184,сайт,завершен,0.05
31006,2026-04-16,C0258,маркетплейс,завершен,0.03
31007,2026-04-16,C0215,маркетплейс,завершен,0.0
31008,2026-04-16,C0232,повторный заказ,завершен,0.0
31009,2026-04-16,C0154,маркетплейс,в работе,0.0
31010,2026-04-16,C0062,сайт,завершен,0.1
31011,2026-04-16,C0283,маркетплейс,завершен,0.0
31012,2026-04-16,C0106,сайт,завершен,0.0
31013,2026-04-16,C0231,маркетплейс,завершен,0.05
31014,2026-04-16,C0149,повторный заказ,завершен,0.07
31015,2026-04-16,C0154,менеджер,завершен,0.1
31016,2026-04-16,C0189,повторный заказ,отменен,0.0
31017,2026-04-16,C0260,менеджер,завершен,0.0
31018,2026-04-16,C0116,сайт,завершен,0.0
31019,2026-04-16,C0348,повторный заказ,завершен,0.07
31020,2026-04-16,C0040,повторный заказ,завершен,0.0
31021,2026-04-16,C0337,маркетплейс,завершен,0.05
31022,2026-04-17,C0343,менеджер,завершен,0.03
31023,2026-04-17,C0114,маркетплейс,завершен,0.1
31024,2026-04-17,C0054,менеджер,в работе,0.05
31025,2026-04-17,C0312,менеджер,завершен,0.05
31026,2026-04-17,C0070,сайт,завершен,0.0
31027,2026-04-17,C0150,сайт,завершен,0.05
31028,2026-04-17,C0185,сайт,отменен,0.05
31029,2026-04-17,C0191,повторный заказ,завершен,0.1
31030,2026-04-17,C0310,сайт,отменен,0.0
31031,2026-04-17,C0228,сайт,завершен,0.0
31032,2026-04-17,C0295,менеджер,отменен,0.03
31033,2026-04-17,C0154,сайт,завершен,0.0
31034,2026-04-17,C0013,повторный заказ,отменен,0.05
31035,2026-04-17,C0199,сайт,завершен,0.1
31036,2026-04-17,C0119,маркетплейс,завершен,0.0
31037,2026-04-20,C0235,менеджер,завершен,0.0
31038,2026-04-20,C0061,повторный заказ,завершен,0.05
31039,2026-04-20,C0302,сайт,завершен,0.03
31040,2026-04-20,C0187,менеджер,в работе,0.0
31041,2026-04-20,C0296,маркетплейс,завершен,0.0
31042,2026-04-20,C0348,менеджер,завершен,0.1
31043,2026-04-20,C0118,повторный заказ,завершен,0.07
31044,2026-04-20,C0249,сайт,завершен,0.05
31045,2026-04-21,C0292,менеджер,завершен,0.0
31046,2026-04-21,C0097,сайт,завершен,0.03
31047,2026-04-21,C0039,повторный заказ,завершен,0.0
31048,2026-04-21,C0187,маркетплейс,завершен,0.0
31049,2026-04-21,C0222,менеджер,завершен,0.05
31050,2026-04-21,C0082,сайт,завершен,0.05
31051,2026-04-21,C0151,менеджер,завершен,0.03
31052,2026-04-21,C0337,повторный заказ,завершен,0.0
31053,2026-04-21,C0105,маркетплейс,завершен,0.03
31054,2026-04-21,C0319,сайт,завершен,0.05
31055,2026-04-21,C0190,менеджер,завершен,0.07
31056,2026-04-22,C0287,повторный заказ,завершен,0.0
31057,2026-04-22,C0019,сайт,завершен,0.1
31058,2026-04-22,C0103,повторный заказ,в работе,0.05
31059,2026-04-22,C0110,сайт,завершен,0.03
31060,2026-04-22,C0356,сайт,в работе,0.03
31061,2026-04-22,C0311,менеджер,в работе,0.0
31062,2026-04-22,C0041,менеджер,завершен,0.03
31063,2026-04-22,C0071,сайт,завершен,0.0
31064,2026-04-22,C0352,сайт,завершен,0.03
31065,2026-04-22,C0059,менеджер,завершен,0.0
31066,2026-04-22,C0152,менеджер,завершен,0.0
31067,2026-04-22,C0291,маркетплейс,завершен,0.07
31068,2026-04-22,C0314,менеджер,завершен,0.05
31069,2026-04-23,C0266,менеджер,завершен,0.05
31070,2026-04-23,C0021,сайт,завершен,0.0
31071,2026-04-23,C0009,сайт,завершен,0.1
31072,2026-04-23,C0160,сайт,отменен,0.03
31073,2026-04-23,C0233,сайт,в работе,0.03
31074,2026-04-23,C0247,маркетплейс,завершен,0.03
31075,2026-04-23,C0070,менеджер,завершен,0.0
31076,2026-04-23,C0159,сайт,завершен,0.03
31077,2026-04-23,C0022,повторный заказ,отменен,0.05
31078,2026-04-23,C0062,маркетплейс,завершен,0.07
31079,2026-04-24,C0268,сайт,завершен,0.03
31080,2026-04-24,C0125,повторный заказ,завершен,0.0
31081,2026-04-24,C0348,менеджер,завершен,0.05
31082,2026-04-24,C0107,маркетплейс,завершен,0.05
31083,2026-04-24,C0050,повторный заказ,завершен,0.05
31084,2026-04-24,C0292,сайт,завершен,0.0
31085,2026-04-24,C0059,менеджер,завершен,0.03
31086,2026-04-24,C0253,менеджер,завершен,0.03
31087,2026-04-24,C0114,сайт,завершен,0.0
31088,2026-04-24,C0136,менеджер,завершен,0.03
31089,2026-04-24,C0094,менеджер,завершен,0.03
31090,2026-04-24,C0133,сайт,завершен,0.1
31091,2026-04-24,C0088,маркетплейс,завершен,0.0
31092,2026-04-24,C0273,сайт,завершен,0.0
31093,2026-04-27,C0015,маркетплейс,в работе,0.07
31094,2026-04-27,C0247,сайт,завершен,0.05
31095,2026-04-27,C0047,маркетплейс,завершен,0.0
31096,2026-04-27,C0112,повторный заказ,в работе,0.03
31097,2026-04-27,C0357,маркетплейс,завершен,0.0
31098,2026-04-27,C0055,сайт,завершен,0.1
31099,2026-04-27,C0225,сайт,завершен,0.0
31100,2026-04-27,C0014,сайт,завершен,0.0
31101,2026-04-27,C0172,сайт,завершен,0.0
31102,2026-04-27,C0010,менеджер,завершен,0.03
31103,2026-04-27,C0013,менеджер,завершен,0.1
31104,2026-04-27,C0021,повторный заказ,завершен,0.03
31105,2026-04-28,C0031,менеджер,завершен,0.0
31106,2026-04-28,C0015,повторный заказ,завершен,0.0
31107,2026-04-28,C0115,повторный заказ,завершен,0.0
31108,2026-04-28,C0280,менеджер,отменен,0.0
31109,2026-04-28,C0191,сайт,в работе,0.05
31110,2026-04-28,C0360,менеджер,завершен,0.05
31111,2026-04-28,C0043,повторный заказ,завершен,0.0
31112,2026-04-28,C0056,менеджер,завершен,0.03
31113,2026-04-28,C0116,маркетплейс,завершен,0.03
31114,2026-04-28,C0042,повторный заказ,завершен,0.1
31115,2026-04-28,C0116,маркетплейс,завершен,0.05
31116,2026-04-28,C0163,повторный заказ,завершен,0.05
31117,2026-04-28,C0297,сайт,завершен,0.0
31118,2026-04-28,C0190,повторный заказ,завершен,0.0
31119,2026-04-28,C0228,повторный заказ,в работе,0.0
31120,2026-04-28,C0092,сайт,завершен,0.07
31121,2026-04-28,C0018,менеджер,в работе,0.07
31122,2026-04-29,C0029,сайт,завершен,0.0
31123,2026-04-29,C0299,повторный заказ,в работе,0.03
31124,2026-04-29,C0016,маркетплейс,завершен,0.0
31125,2026-04-29,C0357,сайт,завершен,0.0
31126,2026-04-29,C0283,сайт,в работе,0.1
31127,2026-04-29,C0333,маркетплейс,завершен,0.03
31128,2026-04-29,C0257,сайт,завершен,0.0
31129,2026-04-29,C0242,маркетплейс,отменен,0.03
31130,2026-04-30,C0225,повторный заказ,в работе,0.0
31131,2026-04-30,C0281,менеджер,завершен,0.03
31132,2026-04-30,C0031,сайт,завершен,0.07
31133,2026-04-30,C0099,маркетплейс,завершен,0.0
31134,2026-04-30,C0345,повторный заказ,завершен,0.03
31135,2026-04-30,C0324,маркетплейс,завершен,0.0
31136,2026-04-30,C0118,повторный заказ,завершен,0.0
31137,2026-04-30,C0254,менеджер,завершен,0.07
31138,2026-05-01,C0233,маркетплейс,завершен,0.0
31139,2026-05-01,C0325,маркетплейс,завершен,0.0
31140,2026-05-01,C0157,маркетплейс,завершен,0.0
31141,2026-05-01,C0162,маркетплейс,завершен,0.05
31142,2026-05-01,C0108,сайт,завершен,0.03
31143,2026-05-01,C0298,повторный заказ,завершен,0.0
31144,2026-05-01,C0339,повторный заказ,завершен,0.0
31145,2026-05-01,C0191,повторный заказ,завершен,0.0
31146,2026-05-01,C0322,маркетплейс,завершен,0.03
31147,2026-05-01,C0286,повторный заказ,завершен,0.03
31148,2026-05-01,C0305,менеджер,завершен,0.0
31149,2026-05-01,C0173,менеджер,завершен,0.03
31150,2026-05-04,C0019,менеджер,завершен,0.07
31151,2026-05-04,C0295,менеджер,завершен,0.03
31152,2026-05-04,C0263,повторный заказ,завершен,0.05
31153,2026-05-04,C0057,сайт,завершен,0.07
31154,2026-05-04,C0188,маркетплейс,завершен,0.07
31155,2026-05-04,C0067,маркетплейс,завершен,0.0
31156,2026-05-04,C0134,маркетплейс,завершен,0.0
31157,2026-05-04,C0203,сайт,завершен,0.03
31158,2026-05-04,C0042,повторный заказ,завершен,0.0
31159,2026-05-04,C0133,сайт,завершен,0.05
31160,2026-05-04,C0073,сайт,завершен,0.07
31161,2026-05-04,C0163,повторный заказ,завершен,0.0
31162,2026-05-04,C0283,маркетплейс,завершен,0.0
31163,2026-05-04,C0307,менеджер,завершен,0.07
31164,2026-05-04,C0197,повторный заказ,завершен,0.1
31165,2026-05-04,C0249,сайт,завершен,0.0
31166,2026-05-05,C0175,менеджер,завершен,0.07
31167,2026-05-05,C0279,повторный заказ,завершен,0.05
31168,2026-05-05,C0038,повторный заказ,завершен,0.03
31169,2026-05-05,C0161,менеджер,завершен,0.0
31170,2026-05-05,C0218,повторный заказ,завершен,0.0
31171,2026-05-05,C0080,менеджер,завершен,0.0
31172,2026-05-05,C0205,менеджер,завершен,0.03
31173,2026-05-05,C0166,сайт,завершен,0.03
31174,2026-05-06,C0010,сайт,завершен,0.03
31175,2026-05-06,C0218,менеджер,завершен,0.0
31176,2026-05-06,C0319,менеджер,завершен,0.07
31177,2026-05-06,C0247,сайт,завершен,0.07
31178,2026-05-06,C0321,менеджер,завершен,0.05
31179,2026-05-06,C0250,менеджер,завершен,0.0
31180,2026-05-06,C0277,сайт,в работе,0.05
31181,2026-05-06,C0270,сайт,завершен,0.05
31182,2026-05-06,C0343,сайт,завершен,0.03
31183,2026-05-06,C0279,сайт,завершен,0.07
31184,2026-05-06,C0156,сайт,завершен,0.07
31185,2026-05-06,C0349,повторный заказ,завершен,0.0
31186,2026-05-06,C0173,маркетплейс,завершен,0.0
31187,2026-05-07,C0108,менеджер,завершен,0.03
31188,2026-05-07,C0350,менеджер,завершен,0.0
31189,2026-05-07,C0331,сайт,в работе,0.05
31190,2026-05-07,C0129,сайт,завершен,0.05
31191,2026-05-07,C0359,менеджер,завершен,0.0
31192,2026-05-07,C0091,сайт,завершен,0.0
31193,2026-05-07,C0102,сайт,в работе,0.03
31194,2026-05-07,C0047,менеджер,завершен,0.05
31195,2026-05-07,C0132,сайт,завершен,0.0
31196,2026-05-07,C0106,повторный заказ,завершен,0.07
31197,2026-05-08,C0110,маркетплейс,завершен,0.0
31198,2026-05-08,C0087,сайт,отменен,0.1
31199,2026-05-08,C0063,менеджер,завершен,0.0
31200,2026-05-08,C0296,сайт,завершен,0.05
31201,2026-05-08,C0140,маркетплейс,завершен,0.0
31202,2026-05-08,C0176,сайт,завершен,0.05
31203,2026-05-08,C0093,повторный заказ,завершен,0.0
31204,2026-05-08,C0007,сайт,завершен,0.0
31205,2026-05-08,C0117,сайт,в работе,0.05
31206,2026-05-11,C0047,повторный заказ,завершен,0.03
31207,2026-05-11,C0098,менеджер,завершен,0.0
31208,2026-05-11,C0192,менеджер,завершен,0.1
31209,2026-05-11,C0068,сайт,завершен,0.0
31210,2026-05-11,C0019,менеджер,в работе,0.03
31211,2026-05-11,C0339,сайт,отменен,0.0
31212,2026-05-11,C0091,маркетплейс,завершен,0.0
31213,2026-05-11,C0116,сайт,завершен,0.0
31214,2026-05-12,C0062,маркетплейс,завершен,0.0
31215,2026-05-12,C0263,менеджер,завершен,0.07
31216,2026-05-12,C0043,менеджер,завершен,0.0
31217,2026-05-12,C0266,сайт,завершен,0.0
31218,2026-05-12,C0005,менеджер,завершен,0.0
31219,2026-05-12,C0138,маркетплейс,завершен,0.05
31220,2026-05-12,C0130,маркетплейс,завершен,0.0
31221,2026-05-12,C0243,маркетплейс,завершен,0.0
31222,2026-05-12,C0197,сайт,завершен,0.0
31223,2026-05-12,C0063,сайт,завершен,0.05
31224,2026-05-12,C0255,маркетплейс,завершен,0.07
31225,2026-05-12,C0059,маркетплейс,завершен,0.03
31226,2026-05-12,C0079,повторный заказ,завершен,0.03
31227,2026-05-12,C0009,менеджер,завершен,0.07
31228,2026-05-12,C0017,менеджер,отменен,0.1
31229,2026-05-12,C0030,сайт,завершен,0.05
31230,2026-05-12,C0124,повторный заказ,завершен,0.07
31231,2026-05-13,C0312,менеджер,завершен,0.03
31232,2026-05-13,C0267,повторный заказ,завершен,0.0
31233,2026-05-13,C0312,менеджер,в работе,0.07
31234,2026-05-13,C0013,сайт,в работе,0.05
31235,2026-05-13,C0072,повторный заказ,завершен,0.07
31236,2026-05-13,C0326,маркетплейс,завершен,0.0
31237,2026-05-13,C0020,сайт,завершен,0.03
31238,2026-05-13,C0319,маркетплейс,в работе,0.0
31239,2026-05-13,C0133,менеджер,в работе,0.03
31240,2026-05-13,C0261,сайт,завершен,0.07
31241,2026-05-13,C0333,маркетплейс,в работе,0.0
31242,2026-05-13,C0046,сайт,завершен,0.0
31243,2026-05-13,C0143,маркетплейс,завершен,0.05
31244,2026-05-13,C0282,сайт,завершен,0.0
31245,2026-05-13,C0121,сайт,завершен,0.07
31246,2026-05-13,C0113,менеджер,завершен,0.07
31247,2026-05-13,C0004,менеджер,завершен,0.05
31248,2026-05-13,C0058,сайт,в работе,0.0
31249,2026-05-14,C0114,сайт,завершен,0.03
31250,2026-05-14,C0184,сайт,завершен,0.07
31251,2026-05-14,C0125,сайт,завершен,0.03
31252,2026-05-14,C0296,маркетплейс,завершен,0.03
31253,2026-05-14,C0327,сайт,завершен,0.0
31254,2026-05-14,C0013,маркетплейс,завершен,0.03
31255,2026-05-14,C0205,сайт,завершен,0.0
31256,2026-05-14,C0167,повторный заказ,завершен,0.07
31257,2026-05-14,C0297,сайт,в работе,0.05
31258,2026-05-14,C0034,маркетплейс,в работе,0.1
31259,2026-05-14,C0219,сайт,в работе,0.07
31260,2026-05-14,C0091,менеджер,завершен,0.03
31261,2026-05-14,C0210,менеджер,завершен,0.03
31262,2026-05-14,C0075,повторный заказ,завершен,0.03
31263,2026-05-15,C0284,сайт,завершен,0.1
31264,2026-05-15,C0028,сайт,завершен,0.0
31265,2026-05-15,C0291,маркетплейс,завершен,0.0
31266,2026-05-15,C0234,маркетплейс,в работе,0.05
31267,2026-05-15,C0174,маркетплейс,в работе,0.0
31268,2026-05-15,C0341,менеджер,завершен,0.07
31269,2026-05-15,C0113,сайт,в работе,0.1
31270,2026-05-15,C0317,маркетплейс,в работе,0.0
31271,2026-05-15,C0142,менеджер,завершен,0.03
31272,2026-05-15,C0319,маркетплейс,в работе,0.05
31273,2026-05-15,C0034,сайт,в работе,0.0
31274,2026-05-15,C0123,менеджер,завершен,0.03
31275,2026-05-15,C0204,повторный заказ,в работе,0.07
31276,2026-05-15,C0313,маркетплейс,завершен,0.0
31277,2026-05-15,C0124,маркетплейс,завершен,0.05
31278,2026-05-15,C0210,менеджер,завершен,0.03
31279,2026-05-18,C0173,повторный заказ,в работе,0.07
31280,2026-05-18,C0114,сайт,завершен,0.07
31281,2026-05-18,C0264,маркетплейс,завершен,0.05
31282,2026-05-18,C0182,сайт,завершен,0.03
31283,2026-05-18,C0223,сайт,завершен,0.0
31284,2026-05-18,C0002,маркетплейс,завершен,0.0
31285,2026-05-18,C0022,повторный заказ,завершен,0.03
31286,2026-05-18,C0337,сайт,завершен,0.03
31287,2026-05-18,C0355,сайт,завершен,0.0
31288,2026-05-18,C0017,сайт,в работе,0.0
31289,2026-05-18,C0253,повторный заказ,завершен,0.03
31290,2026-05-18,C0027,сайт,завершен,0.0
31291,2026-05-18,C0321,менеджер,завершен,0.0
31292,2026-05-18,C0162,сайт,завершен,0.0
31293,2026-05-18,C0034,сайт,завершен,0.03
31294,2026-05-18,C0255,маркетплейс,завершен,0.0
31295,2026-05-19,C0035,сайт,завершен,0.07
31296,2026-05-19,C0248,повторный заказ,завершен,0.05
31297,2026-05-19,C0342,сайт,завершен,0.07
31298,2026-05-19,C0246,менеджер,завершен,0.03
31299,2026-05-19,C0135,менеджер,завершен,0.0
31300,2026-05-19,C0042,сайт,завершен,0.0
31301,2026-05-19,C0084,менеджер,завершен,0.05
31302,2026-05-19,C0169,повторный заказ,завершен,0.07
31303,2026-05-19,C0150,менеджер,завершен,0.07
31304,2026-05-19,C0269,повторный заказ,завершен,0.0
31305,2026-05-19,C0098,менеджер,завершен,0.0
31306,2026-05-19,C0194,менеджер,в работе,0.07
31307,2026-05-19,C0126,сайт,завершен,0.0
31308,2026-05-19,C0067,сайт,завершен,0.0
31309,2026-05-20,C0091,сайт,завершен,0.07
31310,2026-05-20,C0007,маркетплейс,в работе,0.0
31311,2026-05-20,C0149,сайт,завершен,0.07
31312,2026-05-20,C0280,маркетплейс,в работе,0.0
31313,2026-05-20,C0053,сайт,в работе,0.05
31314,2026-05-20,C0220,менеджер,завершен,0.05
31315,2026-05-20,C0055,сайт,завершен,0.05
31316,2026-05-20,C0310,сайт,завершен,0.0
31317,2026-05-20,C0128,маркетплейс,завершен,0.1
31318,2026-05-20,C0161,сайт,завершен,0.03
31319,2026-05-20,C0337,маркетплейс,завершен,0.1
31320,2026-05-20,C0079,повторный заказ,завершен,0.03
31321,2026-05-21,C0269,менеджер,завершен,0.03
31322,2026-05-21,C0058,менеджер,завершен,0.03
31323,2026-05-21,C0358,сайт,завершен,0.07
31324,2026-05-21,C0266,сайт,отменен,0.05
31325,2026-05-21,C0138,маркетплейс,завершен,0.0
31326,2026-05-21,C0041,сайт,завершен,0.1
31327,2026-05-21,C0313,маркетплейс,отменен,0.05
31328,2026-05-21,C0016,маркетплейс,в работе,0.1
31329,2026-05-21,C0113,маркетплейс,завершен,0.03
31330,2026-05-21,C0267,сайт,завершен,0.0
31331,2026-05-21,C0307,повторный заказ,завершен,0.05
31332,2026-05-21,C0316,менеджер,завершен,0.07
31333,2026-05-22,C0260,менеджер,завершен,0.05
31334,2026-05-22,C0184,маркетплейс,завершен,0.05
31335,2026-05-22,C0104,менеджер,завершен,0.03
31336,2026-05-22,C0078,сайт,завершен,0.03
31337,2026-05-22,C0018,менеджер,в работе,0.05
31338,2026-05-22,C0301,сайт,отменен,0.0
31339,2026-05-22,C0263,маркетплейс,в работе,0.05
31340,2026-05-22,C0021,менеджер,завершен,0.0
31341,2026-05-22,C0022,сайт,завершен,0.0
31342,2026-05-22,C0266,менеджер,завершен,0.1
31343,2026-05-22,C0045,менеджер,в работе,0.1
31344,2026-05-22,C0117,сайт,завершен,0.03
31345,2026-05-22,C0079,сайт,завершен,0.0
31346,2026-05-22,C0139,менеджер,завершен,0.0
31347,2026-05-22,C0347,маркетплейс,завершен,0.03
31348,2026-05-22,C0283,менеджер,завершен,0.07
31349,2026-05-22,C0246,сайт,завершен,0.05
31350,2026-05-22,C0325,маркетплейс,завершен,0.05
31351,2026-05-25,C0138,менеджер,завершен,0.03
31352,2026-05-25,C0281,повторный заказ,в работе,0.0
31353,2026-05-25,C0020,повторный заказ,завершен,0.0
31354,2026-05-25,C0089,сайт,завершен,0.0
31355,2026-05-25,C0138,повторный заказ,завершен,0.03
31356,2026-05-25,C0242,менеджер,завершен,0.03
31357,2026-05-25,C0296,менеджер,завершен,0.03
31358,2026-05-25,C0261,повторный заказ,завершен,0.05
31359,2026-05-25,C0334,менеджер,завершен,0.03
31360,2026-05-25,C0013,сайт,завершен,0.05
31361,2026-05-25,C0300,сайт,завершен,0.0
31362,2026-05-25,C0269,маркетплейс,завершен,0.0
31363,2026-05-25,C0014,сайт,завершен,0.05
31364,2026-05-25,C0340,сайт,завершен,0.0
31365,2026-05-25,C0085,сайт,завершен,0.1
31366,2026-05-25,C0017,повторный заказ,завершен,0.03
31367,2026-05-25,C0095,менеджер,завершен,0.07
31368,2026-05-26,C0017,маркетплейс,завершен,0.0
31369,2026-05-26,C0121,сайт,завершен,0.03
31370,2026-05-26,C0066,маркетплейс,завершен,0.0
31371,2026-05-26,C0220,повторный заказ,отменен,0.0
31372,2026-05-26,C0033,сайт,завершен,0.0
31373,2026-05-26,C0218,повторный заказ,завершен,0.0
31374,2026-05-26,C0057,повторный заказ,завершен,0.03
31375,2026-05-26,C0184,менеджер,завершен,0.07
31376,2026-05-26,C0328,менеджер,завершен,0.07
31377,2026-05-26,C0065,менеджер,завершен,0.0
31378,2026-05-27,C0254,сайт,в работе,0.07
31379,2026-05-27,C0305,сайт,завершен,0.0
31380,2026-05-27,C0201,менеджер,завершен,0.0
31381,2026-05-27,C0076,повторный заказ,завершен,0.0
31382,2026-05-27,C0055,менеджер,завершен,0.03
31383,2026-05-27,C0125,сайт,завершен,0.0
31384,2026-05-27,C0092,сайт,завершен,0.03
31385,2026-05-27,C0299,менеджер,отменен,0.0
31386,2026-05-27,C0291,менеджер,завершен,0.0
31387,2026-05-27,C0089,маркетплейс,завершен,0.0
31388,2026-05-27,C0067,сайт,завершен,0.1
31389,2026-05-27,C0130,менеджер,завершен,0.05
31390,2026-05-27,C0248,сайт,завершен,0.05
31391,2026-05-27,C0137,маркетплейс,в работе,0.03
31392,2026-05-27,C0235,маркетплейс,завершен,0.05
31393,2026-05-27,C0121,маркетплейс,завершен,0.03
31394,2026-05-27,C0224,менеджер,завершен,0.05
31395,2026-05-28,C0212,маркетплейс,завершен,0.05
31396,2026-05-28,C0208,менеджер,завершен,0.03
31397,2026-05-28,C0009,сайт,завершен,0.05
31398,2026-05-28,C0085,повторный заказ,завершен,0.03
31399,2026-05-28,C0176,менеджер,завершен,0.0
31400,2026-05-28,C0053,сайт,завершен,0.0
31401,2026-05-28,C0167,маркетплейс,завершен,0.0
31402,2026-05-28,C0265,сайт,отменен,0.05
31403,2026-05-28,C0119,маркетплейс,завершен,0.0
31404,2026-05-28,C0285,повторный заказ,завершен,0.07
31405,2026-05-28,C0295,повторный заказ,завершен,0.0
31406,2026-05-28,C0052,менеджер,завершен,0.05
31407,2026-05-28,C0317,маркетплейс,завершен,0.0
31408,2026-05-28,C0204,маркетплейс,завершен,0.05
31409,2026-05-28,C0296,сайт,завершен,0.03
31410,2026-05-28,C0123,менеджер,завершен,0.03
31411,2026-05-28,C0122,менеджер,завершен,0.0
31412,2026-05-28,C0288,сайт,завершен,0.0
31413,2026-05-29,C0102,маркетплейс,завершен,0.05
31414,2026-05-29,C0178,менеджер,в работе,0.05
31415,2026-05-29,C0089,повторный заказ,завершен,0.05
31416,2026-05-29,C0078,сайт,завершен,0.05
31417,2026-05-29,C0049,маркетплейс,в работе,0.03
31418,2026-05-29,C0150,сайт,завершен,0.07
31419,2026-05-29,C0164,менеджер,завершен,0.0
31420,2026-05-29,C0309,повторный заказ,завершен,0.1
31421,2026-05-29,C0297,менеджер,завершен,0.03
31422,2026-05-29,C0181,маркетплейс,в работе,0.0
31423,2026-05-29,C0006,повторный заказ,завершен,0.0
31424,2026-06-01,C0147,менеджер,завершен,0.07
31425,2026-06-01,C0345,маркетплейс,завершен,0.0
31426,2026-06-01,C0307,сайт,завершен,0.03
31427,2026-06-01,C0182,повторный заказ,завершен,0.05
31428,2026-06-01,C0163,повторный заказ,завершен,0.03
31429,2026-06-01,C0120,менеджер,завершен,0.05
31430,2026-06-01,C0212,маркетплейс,завершен,0.0
31431,2026-06-01,C0128,сайт,завершен,0.07
31432,2026-06-01,C0229,повторный заказ,завершен,0.0
31433,2026-06-01,C0131,маркетплейс,завершен,0.0
31434,2026-06-01,C0090,сайт,завершен,0.07
31435,2026-06-01,C0217,повторный заказ,в работе,0.03
31436,2026-06-01,C0118,менеджер,завершен,0.05
31437,2026-06-01,C0359,сайт,завершен,0.0
31438,2026-06-01,C0279,сайт,в работе,0.05
31439,2026-06-01,C0142,маркетплейс,завершен,0.03
31440,2026-06-02,C0141,маркетплейс,в работе,0.03
31441,2026-06-02,C0202,менеджер,завершен,0.0
31442,2026-06-02,C0336,маркетплейс,завершен,0.05
31443,2026-06-02,C0274,сайт,завершен,0.0
31444,2026-06-02,C0139,повторный заказ,завершен,0.0
31445,2026-06-02,C0091,повторный заказ,завершен,0.05
31446,2026-06-02,C0184,менеджер,завершен,0.05
31447,2026-06-02,C0257,менеджер,завершен,0.0
31448,2026-06-02,C0290,повторный заказ,завершен,0.05
31449,2026-06-02,C0102,повторный заказ,в работе,0.0
31450,2026-06-02,C0031,повторный заказ,завершен,0.03
31451,2026-06-02,C0236,повторный заказ,завершен,0.0
31452,2026-06-02,C0215,менеджер,в работе,0.0
31453,2026-06-02,C0209,сайт,в работе,0.0
31454,2026-06-02,C0290,менеджер,завершен,0.05
31455,2026-06-02,C0079,сайт,завершен,0.0
31456,2026-06-02,C0331,сайт,завершен,0.07
31457,2026-06-02,C0097,маркетплейс,в работе,0.0
31458,2026-06-03,C0072,сайт,завершен,0.05
31459,2026-06-03,C0267,менеджер,завершен,0.0
31460,2026-06-03,C0254,маркетплейс,завершен,0.0
31461,2026-06-03,C0331,повторный заказ,завершен,0.0
31462,2026-06-03,C0213,сайт,завершен,0.03
31463,2026-06-03,C0280,менеджер,завершен,0.1
31464,2026-06-03,C0343,менеджер,завершен,0.0
31465,2026-06-03,C0193,менеджер,в работе,0.05
31466,2026-06-03,C0017,менеджер,завершен,0.03
31467,2026-06-03,C0042,менеджер,завершен,0.0
31468,2026-06-03,C0211,сайт,завершен,0.0
31469,2026-06-03,C0255,менеджер,отменен,0.0
31470,2026-06-03,C0282,повторный заказ,завершен,0.0
31471,2026-06-03,C0043,маркетплейс,завершен,0.07
31472,2026-06-03,C0001,повторный заказ,в работе,0.1
31473,2026-06-03,C0164,маркетплейс,завершен,0.0
31474,2026-06-04,C0010,повторный заказ,завершен,0.0
31475,2026-06-04,C0065,маркетплейс,завершен,0.0
31476,2026-06-04,C0004,сайт,завершен,0.03
31477,2026-06-04,C0342,повторный заказ,завершен,0.05
31478,2026-06-04,C0023,маркетплейс,завершен,0.05
31479,2026-06-04,C0145,сайт,завершен,0.05
31480,2026-06-04,C0284,менеджер,завершен,0.03
31481,2026-06-04,C0358,повторный заказ,завершен,0.03
31482,2026-06-04,C0106,менеджер,завершен,0.05
31483,2026-06-04,C0338,маркетплейс,завершен,0.07
31484,2026-06-04,C0101,повторный заказ,завершен,0.0
31485,2026-06-04,C0012,повторный заказ,завершен,0.07
31486,2026-06-04,C0261,повторный заказ,завершен,0.0
31487,2026-06-05,C0125,повторный заказ,завершен,0.0
31488,2026-06-05,C0327,повторный заказ,завершен,0.0
31489,2026-06-05,C0083,менеджер,завершен,0.0
31490,2026-06-05,C0205,сайт,завершен,0.05
31491,2026-06-05,C0254,сайт,завершен,0.05
31492,2026-06-05,C0311,повторный заказ,в работе,0.0
31493,2026-06-05,C0344,менеджер,завершен,0.05
31494,2026-06-05,C0133,менеджер,завершен,0.1
31495,2026-06-05,C0042,менеджер,завершен,0.0
31496,2026-06-05,C0232,сайт,завершен,0.0
31497,2026-06-08,C0268,менеджер,завершен,0.07
31498,2026-06-08,C0139,сайт,завершен,0.07
31499,2026-06-08,C0181,повторный заказ,завершен,0.0
31500,2026-06-08,C0075,маркетплейс,завершен,0.0
31501,2026-06-08,C0084,маркетплейс,завершен,0.03
31502,2026-06-08,C0073,маркетплейс,завершен,0.05
31503,2026-06-08,C0058,сайт,завершен,0.0
31504,2026-06-08,C0147,маркетплейс,завершен,0.0
31505,2026-06-09,C0305,сайт,завершен,0.03
31506,2026-06-09,C0080,маркетплейс,завершен,0.03
31507,2026-06-09,C0246,маркетплейс,завершен,0.05
31508,2026-06-09,C0359,сайт,завершен,0.05
31509,2026-06-09,C0190,сайт,завершен,0.03
31510,2026-06-09,C0342,сайт,завершен,0.1
31511,2026-06-09,C0218,сайт,завершен,0.03
31512,2026-06-09,C0113,сайт,завершен,0.03
31513,2026-06-09,C0111,сайт,завершен,0.05
31514,2026-06-09,C0338,сайт,завершен,0.0
31515,2026-06-09,C0079,менеджер,завершен,0.0
31516,2026-06-09,C0033,менеджер,завершен,0.03
31517,2026-06-09,C0145,сайт,в работе,0.03
31518,2026-06-09,C0079,сайт,завершен,0.05
31519,2026-06-09,C0139,повторный заказ,отменен,0.1
31520,2026-06-09,C0119,маркетплейс,в работе,0.07
31521,2026-06-10,C0052,повторный заказ,в работе,0.0
31522,2026-06-10,C0340,менеджер,завершен,0.07
31523,2026-06-10,C0055,сайт,завершен,0.05
31524,2026-06-10,C0280,сайт,завершен,0.0
31525,2026-06-10,C0224,менеджер,завершен,0.05
31526,2026-06-10,C0151,сайт,завершен,0.1
31527,2026-06-10,C0110,сайт,завершен,0.1
31528,2026-06-10,C0193,менеджер,завершен,0.0
31529,2026-06-10,C0166,маркетплейс,завершен,0.05
31530,2026-06-10,C0099,маркетплейс,завершен,0.07
31531,2026-06-10,C0136,сайт,завершен,0.0
31532,2026-06-10,C0043,повторный заказ,в работе,0.07
31533,2026-06-10,C0183,сайт,завершен,0.1
31534,2026-06-10,C0221,маркетплейс,завершен,0.03
31535,2026-06-10,C0333,сайт,завершен,0.05
31536,2026-06-10,C0299,маркетплейс,завершен,0.05
31537,2026-06-11,C0254,сайт,завершен,0.03
31538,2026-06-11,C0045,маркетплейс,завершен,0.1
31539,2026-06-11,C0130,повторный заказ,в работе,0.03
31540,2026-06-11,C0345,повторный заказ,завершен,0.0
31541,2026-06-11,C0141,менеджер,завершен,0.0
31542,2026-06-11,C0089,менеджер,завершен,0.0
31543,2026-06-11,C0180,менеджер,завершен,0.05
31544,2026-06-11,C0064,сайт,завершен,0.05
31545,2026-06-11,C0105,менеджер,завершен,0.0
31546,2026-06-11,C0106,менеджер,завершен,0.03
31547,2026-06-11,C0184,маркетплейс,завершен,0.07
31548,2026-06-11,C0358,сайт,в работе,0.03
31549,2026-06-11,C0282,сайт,завершен,0.05
31550,2026-06-11,C0021,сайт,завершен,0.03
31551,2026-06-11,C0345,сайт,завершен,0.05
31552,2026-06-11,C0319,менеджер,завершен,0.0
31553,2026-06-11,C0312,сайт,завершен,0.0
31554,2026-06-12,C0272,сайт,завершен,0.1
31555,2026-06-12,C0360,менеджер,завершен,0.07
31556,2026-06-12,C0243,маркетплейс,завершен,0.03
31557,2026-06-12,C0222,сайт,завершен,0.0
31558,2026-06-12,C0266,сайт,завершен,0.0
31559,2026-06-12,C0353,сайт,завершен,0.03
31560,2026-06-12,C0327,маркетплейс,завершен,0.05
31561,2026-06-12,C0237,повторный заказ,завершен,0.0
31562,2026-06-12,C0211,повторный заказ,завершен,0.1
31563,2026-06-12,C0332,маркетплейс,завершен,0.05
31564,2026-06-12,C0017,сайт,в работе,0.03
31565,2026-06-12,C0224,маркетплейс,завершен,0.0
31566,2026-06-12,C0327,сайт,завершен,0.0
31567,2026-06-12,C0104,повторный заказ,завершен,0.03
31568,2026-06-12,C0191,маркетплейс,завершен,0.0
31569,2026-06-12,C0314,сайт,завершен,0.05
31570,2026-06-12,C0267,менеджер,завершен,0.07
31571,2026-06-15,C0219,сайт,завершен,0.03
31572,2026-06-15,C0359,маркетплейс,завершен,0.05
31573,2026-06-15,C0285,повторный заказ,завершен,0.05
31574,2026-06-15,C0182,менеджер,завершен,0.03
31575,2026-06-15,C0004,сайт,завершен,0.05
31576,2026-06-15,C0339,сайт,завершен,0.0
31577,2026-06-15,C0337,маркетплейс,завершен,0.05
31578,2026-06-15,C0115,повторный заказ,в работе,0.03
31579,2026-06-15,C0305,сайт,завершен,0.07
31580,2026-06-15,C0141,сайт,завершен,0.05
31581,2026-06-15,C0342,повторный заказ,завершен,0.03
31582,2026-06-15,C0030,повторный заказ,завершен,0.05
31583,2026-06-16,C0159,повторный заказ,завершен,0.07
31584,2026-06-16,C0182,сайт,в работе,0.0
31585,2026-06-16,C0203,повторный заказ,завершен,0.0
31586,2026-06-16,C0056,сайт,завершен,0.0
31587,2026-06-16,C0091,повторный заказ,завершен,0.0
31588,2026-06-16,C0095,повторный заказ,завершен,0.0
31589,2026-06-16,C0040,сайт,завершен,0.07
31590,2026-06-16,C0165,маркетплейс,завершен,0.05
31591,2026-06-17,C0345,сайт,завершен,0.05
31592,2026-06-17,C0197,сайт,завершен,0.03
31593,2026-06-17,C0356,маркетплейс,завершен,0.07
31594,2026-06-17,C0124,маркетплейс,завершен,0.03
31595,2026-06-17,C0049,маркетплейс,завершен,0.0
31596,2026-06-17,C0142,маркетплейс,завершен,0.0
31597,2026-06-17,C0159,менеджер,отменен,0.0
31598,2026-06-17,C0046,сайт,завершен,0.05
31599,2026-06-17,C0327,сайт,в работе,0.05
31600,2026-06-17,C0183,маркетплейс,завершен,0.03
31601,2026-06-17,C0269,сайт,завершен,0.0
31602,2026-06-17,C0012,сайт,отменен,0.0
31603,2026-06-17,C0334,маркетплейс,в работе,0.1
31604,2026-06-17,C0247,повторный заказ,завершен,0.0
31605,2026-06-17,C0040,повторный заказ,завершен,0.05
31606,2026-06-17,C0265,менеджер,завершен,0.0
31607,2026-06-18,C0143,маркетплейс,завершен,0.05
31608,2026-06-18,C0212,повторный заказ,завершен,0.03
31609,2026-06-18,C0032,менеджер,завершен,0.0
31610,2026-06-18,C0269,сайт,завершен,0.03
31611,2026-06-18,C0083,сайт,завершен,0.0
31612,2026-06-18,C0086,повторный заказ,завершен,0.0
31613,2026-06-18,C0256,повторный заказ,завершен,0.0
31614,2026-06-18,C0106,повторный заказ,завершен,0.05
31615,2026-06-18,C0122,сайт,завершен,0.05
31616,2026-06-18,C0229,менеджер,завершен,0.0
31617,2026-06-18,C0075,повторный заказ,завершен,0.0
31618,2026-06-18,C0166,повторный заказ,завершен,0.03
31619,2026-06-18,C0328,менеджер,завершен,0.0
31620,2026-06-18,C0237,сайт,завершен,0.0
31621,2026-06-18,C0219,сайт,завершен,0.0
31622,2026-06-18,C0116,повторный заказ,завершен,0.0
31623,2026-06-18,C0356,сайт,завершен,0.03
31624,2026-06-19,C0101,сайт,завершен,0.0
31625,2026-06-19,C0244,маркетплейс,завершен,0.0
31626,2026-06-19,C0341,повторный заказ,завершен,0.03
31627,2026-06-19,C0187,сайт,завершен,0.05
31628,2026-06-19,C0024,маркетплейс,завершен,0.1
31629,2026-06-19,C0090,сайт,завершен,0.03
31630,2026-06-19,C0196,повторный заказ,в работе,0.1
31631,2026-06-19,C0177,сайт,завершен,0.07
31632,2026-06-19,C0225,менеджер,завершен,0.0
31633,2026-06-19,C0074,сайт,завершен,0.03
31634,2026-06-22,C0060,повторный заказ,завершен,0.05
31635,2026-06-22,C0339,сайт,завершен,0.07
31636,2026-06-22,C0171,повторный заказ,в работе,0.07
31637,2026-06-22,C0177,сайт,завершен,0.03
31638,2026-06-22,C0332,сайт,завершен,0.0
31639,2026-06-22,C0169,повторный заказ,в работе,0.03
31640,2026-06-22,C0277,сайт,завершен,0.0
31641,2026-06-22,C0293,маркетплейс,завершен,0.1
31642,2026-06-22,C0048,менеджер,отменен,0.03
31643,2026-06-22,C0138,сайт,завершен,0.03
31644,2026-06-22,C0026,менеджер,завершен,0.05
31645,2026-06-22,C0077,менеджер,завершен,0.03
31646,2026-06-22,C0106,маркетплейс,завершен,0.0
31647,2026-06-22,C0168,сайт,завершен,0.05
31648,2026-06-22,C0008,сайт,завершен,0.0
31649,2026-06-22,C0184,маркетплейс,завершен,0.1
31650,2026-06-23,C0022,менеджер,завершен,0.07
31651,2026-06-23,C0237,повторный заказ,завершен,0.0
31652,2026-06-23,C0257,сайт,завершен,0.03
31653,2026-06-23,C0358,повторный заказ,завершен,0.1
31654,2026-06-23,C0218,маркетплейс,завершен,0.0
31655,2026-06-23,C0288,менеджер,завершен,0.03
31656,2026-06-23,C0344,сайт,завершен,0.0
31657,2026-06-23,C0340,маркетплейс,отменен,0.03
31658,2026-06-23,C0320,менеджер,завершен,0.05
31659,2026-06-23,C0039,сайт,завершен,0.03
31660,2026-06-23,C0349,маркетплейс,завершен,0.03
31661,2026-06-23,C0221,маркетплейс,завершен,0.03
31662,2026-06-24,C0090,менеджер,завершен,0.03
31663,2026-06-24,C0096,маркетплейс,в работе,0.03
31664,2026-06-24,C0310,сайт,отменен,0.05
31665,2026-06-24,C0300,сайт,завершен,0.03
31666,2026-06-24,C0195,сайт,завершен,0.07
31667,2026-06-24,C0149,сайт,завершен,0.0
31668,2026-06-24,C0208,сайт,завершен,0.07
31669,2026-06-24,C0166,маркетплейс,завершен,0.07
31670,2026-06-24,C0140,сайт,завершен,0.07
31671,2026-06-24,C0326,маркетплейс,завершен,0.0
31672,2026-06-24,C0119,сайт,отменен,0.05
31673,2026-06-24,C0225,повторный заказ,завершен,0.0
31674,2026-06-24,C0215,сайт,завершен,0.07
31675,2026-06-24,C0311,менеджер,завершен,0.05
31676,2026-06-24,C0181,маркетплейс,завершен,0.0
31677,2026-06-25,C0250,маркетплейс,завершен,0.03
31678,2026-06-25,C0309,менеджер,завершен,0.0
31679,2026-06-25,C0031,сайт,в работе,0.03
31680,2026-06-25,C0005,маркетплейс,завершен,0.03
31681,2026-06-25,C0335,сайт,отменен,0.05
31682,2026-06-25,C0152,повторный заказ,завершен,0.07
31683,2026-06-25,C0089,повторный заказ,завершен,0.03
31684,2026-06-25,C0140,маркетплейс,завершен,0.0
31685,2026-06-25,C0315,менеджер,завершен,0.1
31686,2026-06-25,C0112,повторный заказ,завершен,0.0
31687,2026-06-25,C0117,повторный заказ,в работе,0.03
31688,2026-06-25,C0096,сайт,завершен,0.05
31689,2026-06-25,C0064,маркетплейс,завершен,0.1
31690,2026-06-25,C0175,сайт,завершен,0.0
31691,2026-06-25,C0119,маркетплейс,завершен,0.03
31692,2026-06-25,C0120,сайт,завершен,0.0
31693,2026-06-25,C0063,сайт,в работе,0.0
31694,2026-06-25,C0021,маркетплейс,завершен,0.0
31695,2026-06-26,C0015,менеджер,завершен,0.07
31696,2026-06-26,C0076,сайт,завершен,0.0
31697,2026-06-26,C0316,менеджер,завершен,0.03
31698,2026-06-26,C0210,повторный заказ,завершен,0.03
31699,2026-06-26,C0321,менеджер,завершен,0.07
31700,2026-06-26,C0184,менеджер,завершен,0.07
31701,2026-06-26,C0035,маркетплейс,завершен,0.05
31702,2026-06-26,C0283,маркетплейс,завершен,0.03
31703,2026-06-26,C0005,сайт,завершен,0.05
31704,2026-06-26,C0334,сайт,завершен,0.05
31705,2026-06-26,C0288,маркетплейс,завершен,0.0
31706,2026-06-29,C0294,сайт,завершен,0.0
31707,2026-06-29,C0115,маркетплейс,завершен,0.0
31708,2026-06-29,C0327,менеджер,отменен,0.03
31709,2026-06-29,C0215,менеджер,завершен,0.1
31710,2026-06-29,C0355,сайт,завершен,0.0
31711,2026-06-29,C0150,маркетплейс,завершен,0.1
31712,2026-06-29,C0064,маркетплейс,завершен,0.03
31713,2026-06-29,C0246,сайт,завершен,0.07
31714,2026-06-29,C0025,сайт,завершен,0.0
31715,2026-06-29,C0039,менеджер,завершен,0.0
31716,2026-06-29,C0120,сайт,отменен,0.0
31717,2026-06-29,C0165,сайт,завершен,0.0
31718,2026-06-29,C0156,сайт,завершен,0.03
31719,2026-06-29,C0270,сайт,в работе,0.05
31720,2026-06-29,C0349,повторный заказ,в работе,0.03
31721,2026-06-29,C0341,менеджер,завершен,0.07
31722,2026-06-29,C0264,менеджер,в работе,0.05
31723,2026-06-30,C0045,повторный заказ,в работе,0.1
31724,2026-06-30,C0192,менеджер,завершен,0.05
31725,2026-06-30,C0070,сайт,завершен,0.0
31726,2026-06-30,C0180,повторный заказ,завершен,0.0
31727,2026-06-30,C0287,повторный заказ,завершен,0.07
31728,2026-06-30,C0213,сайт,завершен,0.0
31729,2026-06-30,C0072,менеджер,завершен,0.0
31730,2026-06-30,C0110,повторный заказ,завершен,0.03
31731,2026-06-30,C0117,маркетплейс,завершен,0.1
31732,2026-06-30,C0025,сайт,в работе,0.05
31733,2026-06-30,C0251,сайт,завершен,0.05
